﻿Adoption Per Anatomy

Anatomic Group,Anatomic Region,Total Scan,SS Enabled Scan #,SS Enabled Scan %
"MSK","HUMERUS",14,4,"28.57%"
"MSK","ANKLE JOINT",1333,345,"25.88%"
"Brain","HEAD AND NECK",313,78,"24.92%"
"Abdomen","UTERUS AND FALLOPIAN TUBES",53,13,"24.53%"
"MSK","HAND",882,185,"20.98%"
"MSK","FEMUR",127,26,"20.47%"
"Brain","SELLA TURCICA",211,39,"18.48%"
"Knee","KNEE",4714,829,"17.59%"
"Body","ENTIRE BODY",411,72,"17.52%"
"Body","PAROTID GLAND",100,16,"16%"
"MSK","SHOULDER",3732,595,"15.94%"
"Body","LARYNX",55,8,"14.55%"
"MSK","FINGER",108,14,"12.96%"
"MSK","STERNOCLAVICULAR JOINT",28,3,"10.71%"
"MSK","FOOT",1282,135,"10.53%"
"MSK","ELBOW",578,52,"9%"
"MSK","WRIST JOINT",1392,120,"8.62%"
"Body","NECK CHEST ABDOMEN AND PELVIS",233,17,"7.3%"
"Brain","HEAD",2291,167,"7.29%"
"MSK","SACROILIAC JOINT",28,2,"7.14%"
"Abdomen","PELVIS",4126,293,"7.1%"
"Brain","INTERNAL AUDITORY CANAL",464,30,"6.47%"
"Spine","CERVICAL SPINE",4073,262,"6.43%"
"Body","NECK CHEST AND ABDOMEN",33,2,"6.06%"
"Vascular (body)","AORTIC ARCH",54,3,"5.56%"
"Spine","SPINE",3411,155,"4.54%"
"Spine","LUMBAR SPINE",10447,465,"4.45%"
"MSK","HIP JOINT",1857,61,"3.28%"
"Spine","THORACIC SPINE",775,18,"2.32%"
"Brain","BRAIN",58439,1293,"2.21%"
"Abdomen","PROSTATE",8116,83,"1.02%"
"Abdomen","ABDOMEN",11138,104,"0.93%"
"Abdomen","LIVER",6245,47,"0.75%"
"Body","BREAST",2452,13,"0.53%"
"Cardiac","HEART",3501,12,"0.34%"
"MSK","LEG",726,2,"0.28%"
"Body","NECK",1577,4,"0.25%"
"Abdomen","PANCREAS",2362,5,"0.21%"
"Abdomen","KIDNEY",499,1,"0.2%"
"Abdomen","UTERUS",1796,3,"0.17%"
"Abdomen","ABDOMEN AND PELVIS",12702,2,"0.02%"
"Vascular (neuro)","CIRCLE OF WILLIS",3,0,"0%"
"Vascular (body)","RENAL ARTERY",9,0,"0%"
"Body","NECK AND CHEST",40,0,"0%"
"Abdomen","SPLEEN",42,0,"0%"
"Abdomen","SMALL INTESTINE",10,0,"0%"
"Spine","ENTIRE SPINE",119,0,"0%"
"Body","TESTIS",14,0,"0%"
"Brain","EYE",11,0,"0%"
"Abdomen","PANCREATIC DUCT AND BILE DUCT SYSTEMS",77,0,"0%"
"Vascular (body)","THORACIC AORTA",66,0,"0%"
"Body","CHEST AND ABDOMEN",15,0,"0%"
"Body","GALL BLADDER",292,0,"0%"
"MSK","TOE",42,0,"0%"
"Body","CHEST ABDOMEN AND PELVIS",1306,0,"0%"
"Spine","LUMBO SACRAL SPINE",32,0,"0%"
"Abdomen","BLADDER",587,0,"0%"
"MSK","SACRUM",6,0,"0%"
"Spine","CERVICO THORACIC SPINE",77,0,"0%"
"Spine","THORACO LUMBAR SPINE",131,0,"0%"
"Abdomen","COLON",4,0,"0%"
"Abdomen","BILE DUCT",1123,0,"0%"
"MSK","EXTREMITY",49,0,"0%"
"MSK","MASTOID BONE",12,0,"0%"
"Brain","PARANASAL SINUS",13,0,"0%"
"Abdomen","RECTUM",366,0,"0%"
"MSK","THUMB",11,0,"0%"
"Vascular (body)","PELVIS AND LOWER EXTREMETIES",8,0,"0%"
"Vascular (neuro)","CAROTID ARTERY",18,0,"0%"
"Brain","EYE REGION",21,0,"0%"
"MSK","ARM",254,0,"0%"
"Abdomen","ADRENAL GLAND",7,0,"0%"
"Vascular (body)","ABDOMINAL AORTA",28,0,"0%"
"Brain","OPTIC CANAL",1922,0,"0%"
"MSK","FOREARM BONE",7,0,"0%"
