﻿Adoption Per Anatomy

Anatomic Group,Anatomic Region,Total Exams,SS Enabled Exam #,SS Enabled Exam %
"Knee","KNEE",9,0,0
"MSK","FOOT",1,0,0
"Abdomen","LIVER",54,0,0
"MSK","ELBOW",1,0,0
"Cardiac","HEART",77,0,0
"Spine","LUMBAR SPINE",63,0,0
"Abdomen","COLON",1,0,0
"Abdomen","KIDNEY",11,0,0
"Body","NECK",22,0,0
"MSK","WRIST JOINT",1,0,0
"Abdomen","PELVIS",61,0,0
"Spine","SPINE",10,0,0
"Abdomen","ABDOMEN",157,0,0
"Brain","BRAIN",331,0,0
"Spine","ENTIRE SPINE",7,0,0
"MSK","HIP JOINT",15,0,0
"Spine","CERVICAL SPINE",32,0,0
"Body","BREAST",30,0,0
"Abdomen","ABDOMEN AND PELVIS",7,0,0
