﻿Adoption Per Anatomy

Anatomic Group,Anatomic Region,Total Exams,SS Enabled Exam #,SS Enabled Exam %
"Brain","BRAIN",8323,190,2.28
"Knee","KNEE",717,173,24.13
"MSK","SHOULDER",511,107,20.94
"Spine","LUMBAR SPINE",1698,74,4.36
"MSK","ANKLE JOINT",165,47,28.48
"Abdomen","PELVIS",463,44,9.5
"Spine","CERVICAL SPINE",736,39,5.3
"MSK","HAND",115,29,25.22
"Brain","HEAD",296,17,5.74
"MSK","FOOT",137,16,11.68
"Spine","SPINE",396,14,3.54
"Abdomen","PROSTATE",868,11,1.27
"Brain","HEAD AND NECK",40,10,25
"MSK","WRIST JOINT",135,10,7.41
"Abdomen","ABDOMEN",978,9,0.92
"MSK","ELBOW",62,6,9.68
"MSK","HIP JOINT",198,6,3.03
"Brain","SELLA TURCICA",29,3,10.34
"Abdomen","LIVER",527,3,0.57
"Body","ENTIRE BODY",27,3,11.11
"Spine","THORACIC SPINE",90,2,2.22
"Brain","INTERNAL AUDITORY CANAL",72,2,2.78
"MSK","FEMUR",11,2,18.18
"MSK","FINGER",12,2,16.67
"Body","PAROTID GLAND",9,1,11.11
"Abdomen","UTERUS AND FALLOPIAN TUBES",6,1,16.67
"Body","BREAST",425,1,0.24
"Body","LARYNX",12,1,8.33
"Vascular (neuro)","CIRCLE OF WILLIS",0,0,0
"Vascular (body)","RENAL ARTERY",1,0,0
"Body","NECK AND CHEST",4,0,0
"Abdomen","SPLEEN",2,0,0
"Abdomen","SMALL INTESTINE",1,0,0
"Spine","ENTIRE SPINE",7,0,0
"Body","TESTIS",0,0,0
"Brain","EYE",1,0,0
"Abdomen","PANCREATIC DUCT AND BILE DUCT SYSTEMS",9,0,0
"Vascular (body)","THORACIC AORTA",6,0,0
"Body","CHEST AND ABDOMEN",1,0,0
"Body","GALL BLADDER",29,0,0
"MSK","TOE",4,0,0
"Body","CHEST ABDOMEN AND PELVIS",99,0,0
"Spine","LUMBO SACRAL SPINE",4,0,0
"Abdomen","BLADDER",53,0,0
"MSK","LEG",74,0,0
"MSK","HUMERUS",0,0,0
"Abdomen","ABDOMEN AND PELVIS",466,0,0
"Vascular (body)","AORTIC ARCH",5,0,0
"Cardiac","HEART",195,0,0
"MSK","SACRUM",1,0,0
"Spine","CERVICO THORACIC SPINE",6,0,0
"Spine","THORACO LUMBAR SPINE",12,0,0
"Abdomen","COLON",1,0,0
"Abdomen","BILE DUCT",141,0,0
"MSK","EXTREMITY",5,0,0
"Abdomen","UTERUS",154,0,0
"Abdomen","KIDNEY",50,0,0
"MSK","MASTOID BONE",2,0,0
"Body","NECK",171,0,0
"Brain","PARANASAL SINUS",2,0,0
"Abdomen","RECTUM",43,0,0
"MSK","SACROILIAC JOINT",4,0,0
"Abdomen","PANCREAS",191,0,0
"MSK","THUMB",1,0,0
"Vascular (body)","PELVIS AND LOWER EXTREMETIES",1,0,0
"Vascular (neuro)","CAROTID ARTERY",2,0,0
"Brain","EYE REGION",2,0,0
"Body","NECK CHEST ABDOMEN AND PELVIS",13,0,0
"MSK","ARM",19,0,0
"Abdomen","ADRENAL GLAND",1,0,0
"Vascular (body)","ABDOMINAL AORTA",3,0,0
"Brain","OPTIC CANAL",158,0,0
"MSK","STERNOCLAVICULAR JOINT",4,0,0
"MSK","FOREARM BONE",0,0,0
"Body","NECK CHEST AND ABDOMEN",3,0,0
