﻿SRN Details

SRN,Hospital Name,Country,License Type,License State,Months in Use,Compatible Full Pack,Compatible Installed License,Adoption Full Pack,Adoption Installed License,Exam Count,Avg Exam count per day,Log days,WK49- Adoption w.r.t Installed License
45010,"hennepin county medical center","UNITED STATES","Non-commercial","Active",0,"90.81%","46.39%","0.00%","0.00%",559,9.32,60,0
47173,"st mary's hospital","UNITED STATES","Non-commercial","Active","8.6","29.70%","2.97%","0.00%","0.00%",40,2.11,19,0
47536,"tottori university hospital","JAPAN","Commercial","Active",0,"64.03%","36.86%","0.00%","0.00%",993,16.83,59,0
45189,"hakodate neurosurgical hospital","JAPAN","Commercial","Active",0,"81.41%","0.16%","0.00%","0.00%",1610,22.36,72,0
45532,"kyorin university hospital","JAPAN","Commercial","Active",0,"76.88%","30.42%","0.00%","0.00%",873,13.03,67,0
84191,"niimura hospital","JAPAN","Commercial","Active",0,"77.84%","76.82%","0.00%","0.00%",53,7.57,7,0
47222,"salford royal hospital","UNITED KINGDOM","Commercial","Active","0.2","85.80%","24.39%","39.46%","100.00%",85,12.14,7,82.56
42098,"university of chicago","UNITED STATES","Commercial","Active",0,"88.27%","5.15%","0.00%","0.00%",984,11.31,87,0
48009,"mrt-praxis potsdam","GERMANY","Commercial","Active","1.2","85.18%","12.44%","57.04%","100.00%",836,32.15,26,391.15
42078,"suzukake central hospital","JAPAN","Commercial","Active",0,"74.54%","28.68%","0.00%","0.00%",800,13.56,59,0
45032,"lenox hill radiology - pelham bay","UNITED STATES","Non-commercial","Active","1.5","84.80%","54.46%","7.40%","11.53%",714,21.64,33,13.05
87121,"southport & formby","UNITED KINGDOM","Commercial","Active",0,"88.11%","34.52%","0.00%","0.00%",1295,15.42,84,0
48668,"fukuoka seisyukai hospital","JAPAN","Commercial","Active",0,"80.46%","31.95%","0.00%","0.00%",134,9.57,14,0
45552,"universit?tsklinikum k?ln a?r","GERMANY","Commercial","Active",0,"64.57%","28.96%","0.00%","0.00%",971,16.18,60,0
47037,"cherokee health park","UNITED STATES","Non-commercial","Active","2.1","83.90%","41.57%","32.51%","65.60%",336,8,42,74.51
45033,"kumamoto chuo hospital","JAPAN","Commercial","Active",0,"72.33%","46.56%","0.00%","0.00%",818,13.86,59,0
42238,"omega imaging associates","UNITED STATES","Non-commercial","Active","1.0","82.87%","48.19%","0.48%","0.82%",380,15.83,24,0
47215,"salford royal hospital","UNITED KINGDOM","Commercial","Active","0.3","83.88%","19.82%","19.06%","80.67%",100,12.5,8,82.79
47567,"prenuvo","UNITED STATES","Commercial","Active",0,"59.07%","58.73%","0.00%","0.00%",458,7.76,59,0
45559,"matsushita memorial hospital","JAPAN","Commercial","Active",0,"77.77%","41.65%","0.00%","0.00%",846,14.59,58,0
71463,"kurashiki central hospital","JAPAN","Commercial","Active",0,"77.54%","14.05%","0.00%","0.00%",1129,17.37,65,0
45534,"kitakyushu medical center","JAPAN","Commercial","Active",0,"75.95%","36.80%","0.00%","0.00%",904,15.86,57,0
45560,"matsusaka general hospital","JAPAN","Commercial","Active",0,"86.49%","2.50%","0.00%","0.00%",620,18.79,33,0
47342,"suzukake central hospital","JAPAN","Commercial","Active","0.5","71.60%","33.75%","71.47%","100.00%",99,9.9,10,136
47304,"sasebo kyosai hospital","JAPAN","Commercial","Active",0,"74.14%","33.79%","0.00%","0.00%",731,9.88,74,0
84118,"kokura memorial hospital","JAPAN","Commercial","Active",0,"74.83%","2.85%","0.00%","0.00%",895,15.17,59,0
47301,"r?ntgeninstitut","SWITZERLAND","Commercial","Active","1.0","89.12%","47.46%","63.70%","100.00%",304,13.82,22,118.11
87026,"hakodate neurosurgical hospital","JAPAN","Commercial","Active",0,"75.70%","2.03%","0.00%","0.00%",1467,19.82,74,0
