﻿Adoption Trend Per Calendar Week

ScanCount,ScanCount_SSEnabled,ScanCount_SSFullStackCompatible,ScanCount_SSInstalledLicenseCompatible,ExamCount,Week,SRN,Year,Adoption w.rt. Full Pack [%],Adoption w.r.t Installed License [%]
683,299,585,126,89,45,48009,2022,"51.111","237.302"
907,432,765,111,172,46,48009,2022,"56.471","389.189"
990,488,847,104,198,47,48009,2022,"57.615","469.231"
827,439,715,76,170,48,48009,2022,"61.399","577.632"
891,442,754,113,173,49,48009,2022,"58.621","391.150"
197,84,163,29,34,50,48009,2022,"51.534","289.655"
