﻿After First Use: Scan Sequence

Exam card Name,Exam Count,Scan Time (seconds),Anatomic Group,Anatomic Region,ScanSequence
"[Info] Knie rechts",1,356,"Knee","KNEE","SURVEY_RIGHT,3D_PD_SPAIR,T2W_TSE_Sag,"
"[Info] 3D_VIEW_PD_SPAIR",1,1193,"Knee","KNEE","SmartKnee,3D_PD_SPAIR,T2W_TSE_Sag,T1W_TSE_cor,PDW_TSE_SPIR_Tra,AI_3D_VIEW_PD_SPAIR sag linear,AI T2W_TSE_Sag,AI T1W_TSE_cor,AI PDW_TSE_SPIR_Tra,3D_VIEW_PD_SPAIR,"
"[Info] AI Knie rechts SMART Zeit",1,1385,"Knee","KNEE","SmartKnee,AI_3D_VIEW_PD_SPAIR sag linear,AI T2W_TSE_Sag,AI T1W_TSE_cor,AI PDW_TSE_SPIR_Tra,STIR_TSE sag,STIR_TSE cor,AI_3D_VIEW_PD_SPAIR sag linear,STIR_TSE sag,STIR_TSE tra,STIR_TSE cor,"
"[Info] AI Knie rechts SMART Zeit",1,845,"Knee","KNEE","SmartKnee,SmartKnee,AI_3D_VIEW_PD_SPAIR sag linear,AI T2W_TSE_Sag,AI T1W_TSE_cor,AI PDW_TSE_SPIR_Tra,AI_3D_VIEW_PD_SPAIR sag linear,3D_PD_SPAIR,"
"[Info] AI Knie rechts SMART Zeit",1,620,"Knee","KNEE","SmartKnee,AI_3D_VIEW_PD_SPAIR sag linear,AI T2W_TSE_Sag,AI T1W_TSE_cor,3D_PD_SPAIR,AI PDW_TSE_SPIR_Tra,"
"[Info] AI Knie rechts SMART Zeit",21,446,"Knee","KNEE","SmartKnee,AI_3D_VIEW_PD_SPAIR sag linear,AI T2W_TSE_Sag,AI T1W_TSE_cor,AI PDW_TSE_SPIR_Tra,"
"[Info] AI Knie rechts SMART Zeit",2,434,"Knee","KNEE","SmartKnee,AI_3D_VIEW_PD_SPAIR sag linear,AI T2W_TSE_Sag,AI PDW_TSE_SPIR_Tra,AI T1W_TSE_cor,"
"[Info] AI Knie rechts SMART Zeit",12,454,"Knee","KNEE","SmartKnee,AI_3D_VIEW_PD_SPAIR sag linear,AI PDW_TSE_SPIR_Tra,AI T2W_TSE_Sag,AI T1W_TSE_cor,"
"[Info] AI Knie rechts SMART Zeit",1,450,"Knee","KNEE","SmartKnee,SmartKnee,AI_3D_VIEW_PD_SPAIR sag linear,AI T2W_TSE_Sag,AI T1W_TSE_cor,AI PDW_TSE_SPIR_Tra,"
"[Info] AI Knie rechts SMART Zeit",1,306,"Knee","KNEE","SmartKnee,T1W_TSE_SPIR_Tra_KM,T1W_TSE_Cor_KM,"
"[Info] AI Knie rechts SMART Zeit",1,651,"Knee","KNEE","SmartKnee,AI_3D_VIEW_PD_SPAIR sag linear,AI T2W_TSE_Sag,AI T1W_TSE_cor,SenseRefScan_TSE,STIR_SEMAC_Tra,"
"[Info] STIR_TSE_Sag",1,1438,"Knee","KNEE","SmartKnee,AI_3D_VIEW_PD_SPAIR sag linear,AI T2W_TSE_Sag,AI T1W_TSE_cor,AI PDW_TSE_SPIR_Tra,AI STIR_TSE sag,AI STIR_TSE tra,AI STIR_TSE cor,3D_VIEW_T2W_HR,STIR_TSE_Sag,STIR_TSE_Cor,"
"[Info] STIR_TSE_Sag",1,999,"MSK","ANKLE JOINT","SURVEY_FullFOV_Transversal,SURVEY_LEFT,AI_3D_VIEW_PD_SPAIR sag linear,AI 3D_T2W_Sag,AI T1W_TSE_Cor,AI PDW_TSE_SPAIR_Tra,AI T1_TSE_tra_,AI T1W_TSE_Sag,AI PDW_TSE_SPAIR_Cor,STIR_TSE_Sag,PDW_TSE_SPAIR_Cor,"
"[Info] OSG links Zeit",1,1476,"MSK","ANKLE JOINT","SURVEY_FullFOV_Transversal,SURVEY_LEFT,3D_T2W_Sag,PDW_TSE_SPAIR_Cor,T1W_TSE_Cor,PDW_TSE_SPAIR_Tra,AI 3D_T2W_Sag,AI PDW_TSE_SPAIR_Cor,AI T1W_TSE_Cor,AI PDW_TSE_SPAIR_Tra,PDW_TSE_SPAIR_Sag,AI PDW_TSE_SPAIR_Sag,T1_TSE_tra_2mm,AI T1_TSE_tra_2mm,AI_3D_VIEW_PD_SPAIR sag linear,"
"[Info] MF_T2 TSE_Sag",1,1510,"Spine","CERVICAL SPINE","SmartSpine_C,SmartSpine_C,STIR_TSE_COR,T2W_TSE_SAG,T1W_TSE_SAG,cs_T2W_TSE_TRA C2-TH1,STIR_TSE_SAG,AI T2W_TSE_TRA C2-TH1,MYELO_3D,T2W_TSE_SAG,MF_T1 TSE_ Sag,MF_T2 TSE_Sag,"
"[Info] AI Knie links SMART Zeit",1,802,"Knee","KNEE","SmartKnee,3D_PD_SPAIR,AI T2W_TSE_Sag,AI T1W_TSE_cor,AI PDW_TSE_SPIR_Tra,3D_PD_SPAIR,AI_3D_VIEW_PD_SPAIR sag linear,"
"[Info] AI Knie links SMART Zeit",13,447,"Knee","KNEE","SmartKnee,AI_3D_VIEW_PD_SPAIR sag linear,AI T2W_TSE_Sag,AI T1W_TSE_cor,AI PDW_TSE_SPIR_Tra,"
"[Info] AI Knie links SMART Zeit",1,9,"Knee","KNEE","SmartKnee,"
"[Info] AI Knie links SMART Zeit",1,899,"Knee","KNEE","SmartKnee,SmartKnee,AI_3D_VIEW_PD_SPAIR sag linear,AI T2W_TSE_Sag,AI T1W_TSE_cor,AI PDW_TSE_SPIR_Tra,SmartKnee,AI_3D_VIEW_PD_SPAIR sag linear,AI T2W_TSE_Sag,AI T1W_TSE_cor,AI PDW_TSE_SPIR_Tra,"
"[Info] AI Knie links SMART Zeit",2,456,"Knee","KNEE","SmartKnee,SmartKnee,AI_3D_VIEW_PD_SPAIR sag linear,AI T2W_TSE_Sag,AI T1W_TSE_cor,AI PDW_TSE_SPIR_Tra,"
"[Info] AI Knie links SMART Zeit",2,485,"Knee","KNEE","SmartKnee,SmartKnee,AI_3D_VIEW_PD_SPAIR sag linear,AI PDW_TSE_SPIR_Tra,AI T2W_TSE_Sag,AI T1W_TSE_cor,"
"[Info] AI Knie links SMART Zeit",2,446,"Knee","KNEE","SmartKnee,AI_3D_VIEW_PD_SPAIR sag linear,AI PDW_TSE_SPIR_Tra,AI T2W_TSE_Sag,AI T1W_TSE_cor,"
"[Info] AI Oberschenkel nativ Zeit",1,874,"Abdomen","PELVIS","SURVEY,STIR_TSE_Cor,T1W_TSE_Cor,PDW_TSE_SPAIR_Tra_bds,AI 3D_VIEW_T2W cor,AI T1W_TSE_Tra,AI T1W_SPIR TSE_Tra,AI 3D_VIEW_T2W cor,"
"[Info] AI Oberschenkel nativ Zeit",1,565,"Abdomen","PELVIS","SURVEY,AI STIR cor,AI 3D_VIEW_T2W cor,AI T1W_TSE_Cor,AI PDW_TSE_SPAIR_Tra_bds,"
"[Info] AI Oberschenkel nativ Zeit",1,597,"Abdomen","PELVIS","SURVEY,SURVEY,AI STIR cor,AI 3D_VIEW_T2W cor,AI T1W_TSE_Cor,AI PDW_TSE_SPAIR_Tra_bds,"
"[Info] AI Oberschenkel nativ Zeit",1,181,"Abdomen","PELVIS","SURVEY,AI STIR cor,AI 3D_VIEW_T2W cor,"
"[Info] 3D_T1W-mDIXON",1,1680,"Brain","BRAIN","SmartBrain,3D_Flair_SAG,T1W_SE_COR,DWI_og,T2W_TSE_TRA,AI 3D_Flair_SAG,AI T1W_SE_COR,AI T2W_TSE_TRA,AI T2W_Haemo,T1W_3D_TFE fs KM,T1W_SE_COR_KM,AI T1W_3D_TFE fs KM,AI T1W_SE_COR_KM,AI 3D_T1W-mDIXON KM,AI T1W_3D_TFE fs KM,"
"[Info] Kopf ACN SMART(1)",1,1492,"Brain","BRAIN","SmartBrain,SmartBrain,AI T2W_TSE_TRA,AI 3D_Flair_SAG,T1W_SE_COR,DWI_og,T2W_3D_DRIVE(ciss),AI 3D_T1W-mDIXON,3D_T1W-mDIXON,AI T2W_3D_Drive,AI T1W_3D_TFE fs,cs_SWIp,T1W_3D_TFE,AI T1W_3D_TFE,"
"[Info] MF_T2_HR_RT",1,2785,"Abdomen","ABDOMEN","SURVEY,STIR_Cor_BH,mDIXON_all,B0_PreScan,DWI_3b,T2_SPIR_AX_MVXD_HR_RT,T2_AX_MVXD_HR_RT,T2_AX_MVXD_HR_RT,dual_FFE_3mm_NN,cs mDIXON_all,cs DWI_3b,MF_T2_,MF_T2_SPIR,MF_T2_SPIR,T1 BH tra,mDIXON_dyn_cs,2D_BOLUSTRAK,mDIXON_dyn_cs,mDIXON-W_Cor_KM,mDIXON_W_cs_SPAET,"
"[Info] AI Kopf mit KM SMART",1,705,"Brain","BRAIN","SmartBrain,SURVEY_PCA,AI T2W_TSE_TRA,AI 3D_Flair_SAG,cs_3DI_MC_TOF,DWI_og,T1W_SE_COR,AI T2W_Haemo,"
"[Info] AI Kopf mit KM SMART",1,896,"Brain","BRAIN","SmartBrain,AI 3D_Flair_SAG,DWI_og,T1W_SE_COR,AI T2W_Haemo,AI T2W_TSE_TRA,AI T1W_3D_TFE fs KM KM,AI T1W_3D_TFE KM sag,T1W_SE_COR_KM,"
"[Info] AI Kopf mit KM SMART",1,328,"Brain","BRAIN","SmartBrain,AI 3D_Flair_SAG,T1W_SE_COR,AI T2W_3D_Drive,"
"[Info] AI Kopf mit KM SMART",1,752,"Brain","BRAIN","SmartBrain,AI 3D_Flair_SAG,T1W_SE_COR,DWI_og,AI T2W_Haemo,AI T2W_TSE_TRA,AI T1W_3D_TFE KM sag,T1W_SE_COR_KM,"
"[Info] AI Kopf mit KM SMART",1,749,"Brain","BRAIN","SmartBrain,AI 3D_Flair_SAG,T1W_SE_COR,DWI_og,AI T2W_Haemo,AI T2W_TSE_TRA,AI_T1W_3D_TFE fs KM,T1W_SE_COR_KM,"
"[Info] cs_DWI_PI-RADS",1,384,"Abdomen","PROSTATE","SURVEY,T1 TSE tra,T2W_TSE_sag,"
"UNDEFINED",1,938,"Abdomen","PROSTATE","T2 TSE COR 3mm,DWI_3b,"
"UNDEFINED",1,1599,"Abdomen","PROSTATE","T2W_TSE_tra_3mm_,cs_DWI_PI-RADS,cs_DWI_b1500,csAI_T2_TSE_ax_HR,cs_DWI_b1500,AI T2 TSE cor,cs_DWI_PI-RADS,"
"UNDEFINED",1,758,"Abdomen","ABDOMEN","T1 DIXON_dyn_cs,T1 mDIXON-W_Cor_KM,T1 mDIXON_W_cs_SPAET,T1 BH tra,MF_T2_mDIXON_HR_RT,B0_PreScan,DWI_3b,"
"UNDEFINED",1,571,"MSK","HAND","SURVEY_FullFOV_Transversal,Survey ALL,AI T1W_TSE_TRA,AI 5_3D_VIEW_PD_SPAIR,AI 3D_T2W_Cor,AI T1W_TSE_COR_Baender,"
"UNDEFINED",1,1253,"MSK","ELBOW","SURVEY_FullFOV_Transversal,SURVEY_R,T1W_TSE_Cor,3D_VIEW_T2W_sag,PDW_TSE_SPAIR_Tra,PDW_TSE_SPAIR Cor,PDW_TSE_SPAIR_Sag,AI T1W_TSE_Cor,AI 3D_VIEW_T2W_sag,AI PDW_TSE_SPAIR_Tra,AI PDW_TSE_SPAIR Cor,AI 5_3D_VIEW_PD_SPAIR,AI PDW_TSE_SPAIR_Sag,"
"UNDEFINED",1,1415,"MSK","SACROILIAC JOINT","SURVEY,csSTIR_TSE_COR,AI T1W_TSE_COR,csSTIR_TSE_COR,T1W_TSE_COR,csSTIR_TSE_COR,T2W_TSE_mSPIR_tra,T1W_SPIR_TRA_,T1 3D mDIXON KM cs2,T2W_TSE_COR,T1W_SPIR cor,"
"UNDEFINED",1,2254,"Spine","SPINE","SUR 3D,SUR 3D,T2W_TSE,T2W_TSE,T1W TSE,T1W TSE,SenseRefScan_TSE,cs 3D_Spine_VIEW_T2W,SenseRefScan_TSE,cs 3D_Spine_VIEW_T2W,STIR_TSE_COR,STIR_TSE_COR,T2W_TSE_TRA_BWS,SenseRefScan_TSE,cs 3D_Spine_VIEW_T2W,SenseRefScan_TSE,cs 3D_Spine_VIEW_T2W,"
"UNDEFINED",25,448,"Knee","KNEE","SmartKnee,AI_3D_VIEW_PD_SPAIR sag linear,AI T2W_TSE_Sag,AI T1W_TSE_cor,AI PDW_TSE_SPIR_Tra,"
"UNDEFINED",1,197,"Knee","KNEE","AI_3D_VIEW_PD_SPAIR sag linear,"
"UNDEFINED",1,1597,"Abdomen","PELVIS","SURVEY,PDW_TSE_mSPIR_Cor,AI STIR cor,AI 3D_VIEW_T2W cor,AI T1W_TSE_Cor,AI PDW_TSE_SPAIR_Tra_bds,cs DWI_2b,AI PDW_TSE_mSPIR_Cor,AI_3D_VIEW_PD_SPAIR WIP,AI 3D_VIEW_T2W cor,AI STIR cor 3mm,AI T1W_TSE_Cor 3mm,PD TSE cor SPIR,"
"UNDEFINED",1,532,"Knee","KNEE","Survey Transfer,SURVEY_FullFOV_Transversal,SURVEY_RIGHT,AI cs3D_VIEW_T2W sag,AI T1W_TSE_Cor,AI PDW_TSE_fs_Cor,AI PDW_TSE_fs_Tra,PDW_TSE_fs_Sag,"
"UNDEFINED",1,150,"Spine","LUMBAR SPINE","SmartSpine_L,T2W_TSE_TRA,T2W_TSE_TRA,"
"UNDEFINED",1,172,"Abdomen","ABDOMEN","T2 MF SPR tra,"
"UNDEFINED",1,274,"Abdomen","ABDOMEN","cs DWI_3b,"
"UNDEFINED",1,854,"Abdomen","PELVIS","SURVEY,AI STIR_TSE_Cor,T1W_TSE_cor,T2W_TSE_ax,AI 3D_VIEW_T2W cor,AI T2 3D SPIR PelvisView,AI T1 TSE tra,T1 mDIXON_all,AI T1 TSE tra,"
"UNDEFINED",1,969,"Brain","BRAIN","SmartBrain,3D_Flair_SAG,T2W_TSE_2.5mm_sag,T1W_SE_sag,T1W_SE_COR,DWI_og,T1W_SE_COR_KM,T1W_3D_TFE fs KM,"
"UNDEFINED",1,527,"Brain","BRAIN","SmartBrain,AI T2W_TSE_TRA,AI 3D_Flair_SAG,T2W_TSE_2.5mm_sag,DWI_og,T1W_SE_COR,"
"UNDEFINED",4,541,"Spine","LUMBAR SPINE","SmartSpine_L,STIR_TSE_COR R-L,SenseRefScan_TSE,T2_TSE cs2,T1_TSE cs2,T2W_TSE_TRA,"
"UNDEFINED",1,546,"Spine","CERVICAL SPINE","SmartSpine_C,MF_T2 TSE_Sag,csSTIR_TSE_COR,T1W_TSE_SAG,AI T2W_TSE_TRA C2-TH1,"
"UNDEFINED",27,480,"Brain","BRAIN","SmartBrain,AI T2W_TSE_TRA,AI 3D_Flair_SAG,T1W_SE_COR,AI T2W_Haemo,DWI_og,"
"UNDEFINED",2,582,"Spine","LUMBAR SPINE","SmartSpine_L,STIR_TSE_COR R-L,SenseRefScan_TSE,T2_TSE cs2,T1_TSE cs2,AI MYElO 3D,T2W_TSE_TRA,"
"UNDEFINED",8,509,"MSK","ANKLE JOINT","SURVEY_FullFOV_Transversal,SURVEY_LEFT,AI_3D_VIEW_PD_SPAIR sag linear,AI 3D_T2W_Sag,AI T1W_TSE_Cor,AI T1_TSE_tra_,"
"UNDEFINED",1,766,"Abdomen","PELVIS","SURVEY_MobiFlex,mDIXON_MRA_Fuss,mDIXON_MRA_US,mDIXON_MRA_OS,mDIXON_MRA_Becken,2D_BOLUSTRAK,"
"UNDEFINED",5,479,"Brain","BRAIN","SmartBrain,AI T2W_TSE_TRA,AI 3D_Flair_SAG,T1W_SE_COR,DWI_og,AI T2W_Haemo,"
"UNDEFINED",1,14,"Spine","LUMBAR SPINE","SmartSpine_L,"
"UNDEFINED",1,449,"Brain","BRAIN","SmartBrain,AI T2W_TSE_TRA,AI 3D_Flair_SAG,AI T1W_3D_TFE  sag,AI T2W_Haemo,DWI_og,"
"UNDEFINED",1,703,"Brain","BRAIN","SmartBrain,AI 3D_Flair_SAG,T1W_SE_COR,DWI_og,AI T2W_TSE_TRA,AI T1W_3D_TFE KM sag,T1W_SE_COR_KM,"
"UNDEFINED",1,209,"Abdomen","ABDOMEN","SURVEY,STIR_Cor_BH,T2W_TSE_Cor,"
"UNDEFINED",1,1199,"Abdomen","ABDOMEN","T2 MF tra,T2 MF tra,T2 MF SPR tra,T2 MF SPR tra,mDIXON_all,mDIXON_all,cs DWI_2b RT,cs DWI_2b,T2W_TSE_Sag,"
"UNDEFINED",1,752,"MSK","SHOULDER","SmartShoulder,AI PDW_TSE_SPIR_Tra,AI 3D_T2W_Cor,PDW_TSE_SPIR_Cor,AI T1W_TSE_Cor,AI PDW_TSE_SPIR_Sag,PDW_TSE_SPIR_Cor,"
"UNDEFINED",1,1341,"Spine","SPINE","SURVEY_SAG,SUR 3D,T2_TSE_SAG,T2_TSE_SAG,T1_TSE_SAG,T1_TSE_SAG,STIR_TSE_SAG,SUR 3D,T2_TSE_SAG,T1_TSE_SAG,AI T2W_TSE_TRA C2-TH1,"
"UNDEFINED",1,766,"Spine","CERVICAL SPINE","SmartSpine_C,SmartSpine_C,MF_T2 TSE_Sag,T1W_TSE_SAG,SenseRefScan_TSE,csSTIR_TSE_sag,AI T2W_TSE_TRA C2-TH1,T1 3D mDIXON KM cs2,"
"UNDEFINED",1,580,"Brain","BRAIN","SmartBrain,AI 3D_Flair_SAG,AI T2W_TSE_TRA,T1W_SE_COR,DWI_og,AI T2W_3D_Drive,AI T2W_Haemo,"
"UNDEFINED",18,514,"MSK","SHOULDER","SmartShoulder,AI PDW_TSE_SPIR_Tra,AI 3D_T2W_Cor,AI_3D PD_SPAIR,AI T1W_TSE_Cor,"
"UNDEFINED",1,1016,"Abdomen","PELVIS","SURVEY_Rueckenlage,SURVEY_Rueckenlage,SURVEY_Rueckenlage,AI T1 TSE tra,T1 cor 3mm,AI T2 3D SPIR PelvisView,MF T2W_TSE_cor,MF T2W_TSE_SPIR tra,AI T2 3D PelvisView,AI T2 3D SPIR PelvisView,mDIXON_HR_TRA_KM,"
"UNDEFINED",1,81,"Abdomen","PELVIS","AI T1W_TSE_Cor,"
"UNDEFINED",9,1128,"Abdomen","PROSTATE","SURVEY,AI T1 TSE tra,MF T2W_TSE_sag,AI T2 TSE cor,csAI_T2_TSE_ax_HR,cs_DWI_3bWerte,cs_DWI_b1500,"
"UNDEFINED",1,565,"Spine","CERVICAL SPINE","SmartSpine_C,csSTIR_TSE_COR,MF_T2 TSE_Sag,T1W_TSE_SAG,AI T2W_TSE_TRA C2-TH1,"
"UNDEFINED",1,492,"Brain","BRAIN","SmartBrain,AI 3D_Flair_SAG,T1W_SE_COR,AI T2W_TSE_TRA,DWI_og,AI T2W_Haemo,"
"UNDEFINED",1,717,"Abdomen","PELVIS","SURVEY,AI T1W_TSE_Cor,AI_3D_VIEW_PD_SPAIR WIP,AI STIR cor WIP,cs3D_VIEW_T2W cor,AI T2 3D PelvisView,"
"UNDEFINED",1,467,"MSK","ELBOW","SURVEY_FullFOV_Transversal,SURVEY_R,SURVEY_R,AI T1W_TSE_Cor,AI 3D_VIEW_T2W_sag,AI 5_3D_VIEW_PD_SPAIR,AI PDW_TSE_SPAIR_Tra,"
"UNDEFINED",5,605,"MSK","HAND","Q_SURVEY_FullFOV_Transversal,Q_SURVEY_Rechts,AI 5_3D_VIEW_PD_SPAIR,AI 3D_T2W_Cor,T1W_TSE_Cor,PDW_TSE_SPAIR_Tra,"
"UNDEFINED",1,732,"MSK","ANKLE JOINT","SURVEY_FullFOV_Transversal,SURVEY_LEFT,PDW_TSE_SPAIR_Sag,3D_T2W_Sag,AI T1W_TSE_Sag,AI_3D_VIEW_PD_SPAIR sag linear,3D_T2W_Sag,PDW_TSE_SPAIR_Tra,"
"UNDEFINED",1,502,"Abdomen","ABDOMEN","SURVEY,SURVEY,cs DWI_2b RT,cs DWI_2b,cs DWI_2b RT,cs DWI_2b,SURVEY,"
"UNDEFINED",1,611,"MSK","HAND","SURVEY_FullFOV_Transversal,Survey ALL,AI 5_3D_VIEW_PD_SPAIR,AI T1W_TSE_TRA,AI 3D_T2W_Cor,AI T1W_TSE_COR_Baender,"
"UNDEFINED",1,297,"Abdomen","PELVIS","SURVEY_Rueckenlage,SURVEY_Rueckenlage,AI T1 cor 3mm,mDIXON_HR_TRA_KM,"
"UNDEFINED",1,453,"Knee","KNEE","SmartKnee,SmartKnee,AI_3D_VIEW_PD_SPAIR sag linear,AI PDW_TSE_SPIR_Tra,AI T1W_TSE_cor,AI T2W_TSE_Sag,"
"UNDEFINED",34,577,"Spine","LUMBAR SPINE","SmartSpine_L,MF_STIR_cor,SenseRefScan_TSE,T2_TSE cs2,T1_TSE cs2,T2W_TSE_TRA,"
"UNDEFINED",37,445,"Knee","KNEE","SmartKnee,AI_3D_VIEW_PD_SPAIR sag linear,AI PDW_TSE_SPIR_Tra,AI T2W_TSE_Sag,AI T1W_TSE_cor,"
"UNDEFINED",1,147,"Abdomen","ABDOMEN","T2 MF tra,T2 MF tra,cs DWI_2b RT,cs DWI_2b,"
"UNDEFINED",1,975,"Spine","LUMBAR SPINE","SmartSpine_L,MF_STIR_cor,SenseRefScan_TSE,T2_TSE cs2,T1_TSE cs2,T2W_TSE_TRA,SURVEY,AI MYElO 3D,cs_DWI_b1500,"
"UNDEFINED",8,577,"Spine","CERVICAL SPINE","SmartSpine_C,MF_STIR_cor,MF_T2 TSE_Sag,T1W_TSE_sag,AI T2W_TSE_TRA C2-TH1,"
"UNDEFINED",1,395,"Abdomen","PELVIS","SURVEY,AI STIR cor,AI T1W_TSE_Cor,AI T2 3D PelvisView,PDW_TSE_SPAIR_Tra,"
"UNDEFINED",5,668,"Spine","LUMBAR SPINE","SmartSpine_L,MF_STIR_cor,SenseRefScan_TSE,T2_TSE cs2,T1_TSE cs2,AI MYElO 3D,T2W_TSE_TRA,"
"UNDEFINED",1,817,"MSK","HAND","Q_SURVEY_FullFOV_Transversal,Q_SURVEY_links,AI 5_3D_VIEW_PD_SPAIR,AI 3D_T2W_Cor,T1W_TSE_Cor,PDW_TSE_SPAIR_Tra,T1W_TSE_Cor KM,T1W_TSE_TRA fs KM,"
"UNDEFINED",5,585,"MSK","HAND","Q_SURVEY_FullFOV_Transversal,Q_SURVEY_links,AI 5_3D_VIEW_PD_SPAIR,AI 3D_T2W_Cor,T1W_TSE_Cor,PDW_TSE_SPAIR_Tra,"
"UNDEFINED",1,624,"Spine","CERVICAL SPINE","SmartSpine_C,MF_T2 TSE_Sag,MF_STIR_cor,T1W_TSE_sag,AI MYELO_3D,AI T2W_TSE_TRA C2-TH1,"
"UNDEFINED",1,587,"Brain","BRAIN","SmartBrain,AI T2W_TSE_TRA,SURVEY_PCA,AI 3D_Flair_SAG,AI cs_3DI_MC_TOF,AI T1W_3D_TFE SAG,DWI_og,"
"UNDEFINED",1,587,"Spine","CERVICAL SPINE","SmartSpine_C,MF_STIR_cor,MF_T2 TSE_Sag,T1W_TSE_sag,AI T2W_TSE_TRA C3-TH1,"
"UNDEFINED",3,494,"Brain","BRAIN","SmartBrain,AI T2W_TSE_TRA,AI 3D_Flair_SAG,T1W_SE_COR,AI T2W_3D_Drive,DWI_og,"
"UNDEFINED",1,482,"Brain","BRAIN","SmartBrain,AI T2W_TSE_TRA,AI 3D_Flair_SAG,AI T2W_Haemo,T1W_SE_COR,DWI_og,"
"UNDEFINED",1,571,"Brain","BRAIN","SmartBrain,AI T2W_TSE_TRA,AI 3D_Flair_SAG,AI T2W_Haemo,T1W_SE_COR,DWI_og,AI T2W_TSE_TRA.,"
"UNDEFINED",1,552,"Abdomen","ABDOMEN","SURVEY,STIR_Cor_BH,T2W_TSE_Cor,T1 mDIXON_all,T2 MF tra,T1 mDIXON_W_cs_ tra KM,T1 mDIXON-W_Cor_KM,T1 BH cor KM,"
"UNDEFINED",1,649,"Spine","LUMBAR SPINE","SmartSpine_L,SmartSpine_L,SenseRefScan_TSE,T2_TSE cs2,MF_STIR_cor,AI MYElO 3D,T1_TSE cs2,T2W_TSE_TRA,"
"UNDEFINED",1,936,"Abdomen","ABDOMEN","STIR_Cor_BH,SURVEY,STIR_Cor_BH,T1 mDIXON_all,T2 MF tra,T2 MF SPR tra,dual_FFE_3mm_NN,cs DWI_3b,T2W_TSE_Cor,"
"UNDEFINED",1,130,"Abdomen","PROSTATE","SURVEY,AI T1 TSE tra,MF T2W_TSE_sag,"
"UNDEFINED",1,627,"Abdomen","PROSTATE","AI T2 TSE cor,csAI_T2_TSE_ax_HR,cs_DWI_3bWerte,"
"UNDEFINED",3,238,"Abdomen","PROSTATE","cs_DWI_b1500,"
"UNDEFINED",1,945,"Spine","LUMBAR SPINE","SmartSpine_L,MF_STIR_cor,SURVEY,SenseRefScan_TSE,T2_TSE cs2,T1_TSE cs2,AI T2 3D SPIR PelvisView,STIR_TSE_COR,T2W_TSE_TRA,"
"UNDEFINED",1,854,"MSK","MASTOID BONE","SmartBrain,SmartBrain,T1W_3D_TFE,DWI_og,DWI_og,T1W_3D_TFE,T2W_MV_XD_sag,T2W_mDIXON_cor,T2W_TSE_tra,"
"UNDEFINED",1,459,"Knee","KNEE","SmartKnee,SmartKnee,SmartKnee,AI_3D_VIEW_PD_SPAIR sag linear,AI T2W_TSE_Sag,AI T1W_TSE_cor,AI PDW_TSE_SPIR_Tra,"
"UNDEFINED",2,456,"Knee","KNEE","SmartKnee,SmartKnee,AI_3D_VIEW_PD_SPAIR sag linear,AI PDW_TSE_SPIR_Tra,AI T2W_TSE_Sag,AI T1W_TSE_cor,"
"UNDEFINED",1,1362,"Abdomen","ABDOMEN","SURVEY,STIR_Cor_BH,T2W_TSE_Cor,T2 MF SPR tra,T2 MF SPR tra,T2 MF tra,T2 MF tra,mDIXON_all,mDIXON_all,cs DWI_2b RT,cs DWI_2b,MF T2W_TSE_sag,"
"UNDEFINED",1,994,"Abdomen","ABDOMEN","SURVEY,STIR_Cor_BH,T1 mDIXON_all,T2 MF tra,dual_FFE_3mm_NN,T2 MF SPR tra,cs DWI_3b,"
"UNDEFINED",2,572,"Brain","BRAIN","SmartBrain,AI T2W_TSE_TRA,AI 3D_Flair_SAG,T1W_SE_COR,AI T2W_3D_Drive,AI T2W_Haemo,DWI_og,"
"UNDEFINED",1,528,"Spine","CERVICAL SPINE","SmartSpine_C,MF_T2 TSE_Sag,T1W_TSE_sag,SenseRefScan_TSE,csSTIR_TSE_sag,AI T2W_TSE_TRA C2-TH1,"
"UNDEFINED",2,503,"Abdomen","PELVIS","SURVEY,AI STIR cor,AI T2 3D PelvisView,AI T1W_TSE_Cor,PDW_TSE_SPAIR_Tra,"
"UNDEFINED",1,28,"Spine","LUMBAR SPINE","SmartSpine_L,SmartSpine_L,"
"UNDEFINED",1,601,"Spine","LUMBAR SPINE","MF_STIR_cor,SenseRefScan_TSE,T2_TSE cs2,T1_TSE cs2,T2W_TSE_TRA,"
"UNDEFINED",1,695,"Spine","LUMBAR SPINE","SmartSpine_L,SenseRefScan_TSE,T2_TSE cs2,MF_STIR_cor,T1_TSE cs2,AI MYElO 3D,T2W_TSE_TRA,"
"UNDEFINED",5,625,"Spine","LUMBAR SPINE","SmartSpine_L,SenseRefScan_TSE,T2_TSE cs2,MF_STIR_cor,T1_TSE cs2,T2W_TSE_TRA,"
"UNDEFINED",2,579,"Spine","CERVICAL SPINE","SmartSpine_C,MF_T2 TSE_Sag,T1W_TSE_sag,AI T2W_TSE_TRA C2-TH1,AI MYELO_3D,SenseRefScan_TSE,csSTIR_TSE_sag,"
"UNDEFINED",1,744,"MSK","ANKLE JOINT","SURVEY_FullFOV_Transversal,SURVEY_Rechts,AI_3D_VIEW_PD_SPAIR sag linear,AI 3D_T2W_Sag,AI_3D_VIEW_PD_SPAIR sag linear,AI T1W_TSE_Sag,AI PDW_TSE_SPAIR_Tra,"
"UNDEFINED",1,1675,"Spine","SPINE","SUR 3D,SURVEY_SAG,SURVEY_COR,T2W_TSE,T2W_TSE,T1W TSE,T1W TSE,STIR_TSE_COR,STIR_TSE_COR,AI MYElO 3D,T2W_TSE_TRA,"
"UNDEFINED",3,452,"Knee","KNEE","SmartKnee,AI_3D_VIEW_PD_SPAIR sag linear,AI PDW_TSE_SPIR_Tra,AI T1W_TSE_cor,AI T2W_TSE_Sag,"
"UNDEFINED",1,1172,"Abdomen","ABDOMEN","SURVEY,STIR_Cor_BH,T2W_TSE_Cor,T2 MF tra,T2 MF tra,T2 MF SPR tra,T2 MF SPR tra,mDIXON_all,mDIXON_all,cs DWI_2b RT,cs DWI_2b,"
"UNDEFINED",1,76,"Spine","CERVICAL SPINE","SmartSpine_C,SenseRefScan_TSE,csSTIR_TSE_sag,"
"UNDEFINED",1,148,"Spine","CERVICAL SPINE","MF_T2 TSE_Sag,"
"UNDEFINED",1,242,"Spine","CERVICAL SPINE","T1W_TSE_sag,AI T2W_TSE_TRA C2-TH1,"
"UNDEFINED",1,544,"Body","LARYNX","SURVEY_bFFE,PCA_Carotis_Survey,AI 3D_Carotis,2D_BOLUSTRAK,T1W VISTA BB,"
"UNDEFINED",1,562,"Abdomen","PELVIS","SURVEY,AI STIR cor,SenseRefScan_TSE,STIR_TSE_Sag,AI T2 3D PelvisView,AI T1W_TSE_Cor,"
"UNDEFINED",3,533,"Spine","CERVICAL SPINE","SmartSpine_C,MF_T2 TSE_Sag,SenseRefScan_TSE,csSTIR_TSE_sag,T1W_TSE_sag,AI T2W_TSE_TRA C2-TH1,"
"UNDEFINED",1,192,"MSK","ANKLE JOINT","SURVEY_FullFOV_Transversal,SURVEY_LEFT,AI_3D_VIEW_PD_SPAIR sag linear,"
"UNDEFINED",1,508,"MSK","SHOULDER","SmartShoulder,AI PDW_TSE_SPIR_Tra,AI_3D PD_SPAIR,AI 3D_T2W_Cor,AI T1W_TSE_Cor,"
"UNDEFINED",1,405,"MSK","ELBOW","SURVEY_FullFOV_Transversal,SURVEY_R,AI 3D_VIEW_T2W_sag,AI 5_3D_VIEW_PD_SPAIR,AI T1W_TSE_Cor,AI PDW_TSE_SPAIR_Tra,"
"UNDEFINED",1,687,"Brain","BRAIN","SmartBrain,SURVEY_PCA,AI T2W_TSE_TRA,AI 3D_Flair_SAG,AI cs_3DI_MC_TOF,T1W_SE_COR,DWI_og,AI T2W_Haemo,"
"UNDEFINED",1,559,"Brain","BRAIN","SmartBrain,AI 3D_Flair_SAG,AI T2W_TSE_TRA,T1W_SE_COR,AI T2W_3D_Drive,DWI_og,AI T2W_Haemo,"
"UNDEFINED",1,799,"Spine","SPINE","SUR 3D,T2_TSE_SAG,T1_TSE_SAG,STIR_TSE_SAG,AI T2W_TSE_TRA C2-TH1,SUR 3D,"
"UNDEFINED",1,294,"Brain","BRAIN","SmartBrain,T1W_SE_COR,DWI_og,AI T2W_Haemo,"
"UNDEFINED",1,559,"Brain","BRAIN","SmartBrain,AI 3D_Flair_SAG,AI T2W_TSE_TRA,T1W_SE_COR,AI T2W_3D_Drive,AI T2W_Haemo,DWI_og,"
"UNDEFINED",2,589,"Spine","CERVICAL SPINE","SmartSpine_C,SmartSpine_C,MF_STIR_cor,MF_T2 TSE_Sag,T1W_TSE_sag,AI T2W_TSE_TRA C2-TH1,"
"UNDEFINED",2,404,"MSK","ELBOW","SURVEY_FullFOV_Transversal,SURVEY_R,AI PDW_TSE_SPAIR_Tra,AI 3D_VIEW_T2W_sag,AI 5_3D_VIEW_PD_SPAIR,AI T1W_TSE_Cor,"
"UNDEFINED",1,190,"MSK","FOOT","SURVEY_FullFOV_Transversal,SURVEY Right,SURVEY_Right,AI_3D_PD_SPAIR tra,"
"UNDEFINED",2,472,"MSK","FOOT","SURVEY_FullFOV_Transversal,SURVEY links,SURVEY_links,AI_3D_PD_SPAIR tra,AI 3D_T2W_Tra,AI T1W_TSE_Cor,T1_TSE_tra_2mm,"
"UNDEFINED",2,945,"Abdomen","ABDOMEN","SURVEY,STIR_Cor_BH,T1 mDIXON_all,cs DWI_3b,T2 MF tra,T2 MF SPR tra,"
"UNDEFINED",1,519,"Spine","CERVICAL SPINE","SmartSpine_C,STIR_TSE_COR,T2W_TSE_SAG,T1W_TSE_sag,AI T2W_TSE_TRA C2-TH1,"
"UNDEFINED",1,450,"Brain","BRAIN","SmartBrain,AI 3D_Flair_SAG,AI T2W_TSE_TRA,AI T1W_3D_TFE SAG,AI T2W_Haemo,DWI_og,"
"UNDEFINED",1,529,"Abdomen","ABDOMEN","T1 mDIXON_all,cs DWI_3b,T2 MF tra,T1 mDIXON_dyn_cs,2D_BOLUSTRAK,T1 DIXON_dyn_cs,"
"UNDEFINED",1,124,"Abdomen","ABDOMEN","T1 BH cor KM,T1 mDIXON_W_cs_SPAET,"
"UNDEFINED",4,412,"Brain","BRAIN","SmartBrain,AI T2W_TSE_TRA,AI 3D_Flair_SAG,T1W_SE_COR,DWI_og,"
"UNDEFINED",1,556,"Brain","BRAIN","SmartBrain,AI T2W_TSE_TRA,AI 3D_Flair_SAG,T1W_SE_COR,DWI_og,AI T2W_mDIXON_cor,"
"UNDEFINED",1,592,"MSK","ANKLE JOINT","SURVEY_FullFOV_Transversal,SURVEY_LEFT,AI_3D_VIEW_PD_SPAIR sag linear,AI 3D_T2W_Sag,AI T1W_TSE_Cor,AI T1_TSE_tra_,PDW_SPAIR_tra_2mm,"
"UNDEFINED",2,562,"MSK","HAND","Q_SURVEY_FullFOV_Transversal,Q_SURVEY_links,AI 3D_T2W_Cor,AI 5_3D_VIEW_PD_SPAIR,T1W_TSE_Cor,PDW_TSE_SPAIR_Tra,"
"UNDEFINED",1,583,"MSK","HAND","Q_SURVEY_FullFOV_Transversal,Q_SURVEY_links,Q_SURVEY_links,AI 5_3D_VIEW_PD_SPAIR,AI 3D_T2W_Cor,T1W_TSE_Cor,PDW_TSE_SPAIR_Tra,"
"UNDEFINED",1,786,"Abdomen","ABDOMEN","SURVEY,STIR_Cor_BH,T1 mDIXON_all,cs DWI_3b,T2 MF tra,T1 mDIXON_dyn_cs,2D_BOLUSTRAK,T1 DIXON_dyn_cs,T1 mDIXON-W_Cor_KM,T1 mDIXON_W_cs_SPAET,"
"UNDEFINED",1,154,"MSK","STERNOCLAVICULAR JOINT","3D_Vane_XD,"
"UNDEFINED",1,453,"Brain","BRAIN","SmartBrain,AI T2W_TSE_TRA,AI 3D_Flair_SAG,SURVEY_PCA,T1W_SE_COR,AI cs_3DI_MC_TOF,"
"UNDEFINED",1,176,"Brain","BRAIN","AI T2W_TSE_2.5mm_sag,AI T2W_Haemo,DWI_og,"
"UNDEFINED",1,636,"Abdomen","PELVIS","SURVEY,AI STIR_TSE_Cor,T1W_TSE_cor,AI T2 3D SPIR PelvisView,T2W_TSE_ax,MF T2W_TSE_sag,"
"UNDEFINED",2,522,"Spine","CERVICAL SPINE","SmartSpine_C,MF_T2 TSE_Sag,T1W_TSE_sag,AI T2W_TSE_TRA C2-TH1,SenseRefScan_TSE,csSTIR_TSE_sag,"
"UNDEFINED",1,628,"Brain","BRAIN","SmartBrain,AI T2W_TSE_TRA,AI 3D_Flair_SAG,AI T2W_TSE_2.5mm_sag,T1W_SE_COR,T1W_SE_sag,DWI_og,"
"UNDEFINED",1,1624,"Abdomen","ABDOMEN","SURVEY,STIR_Cor_BH,T2W_TSE_Cor,mDIXON_all,mDIXON_all,T2 MF tra,T2 MF tra,T2 MF SPR tra,T2 MF SPR tra,cs DWI_2b RT,cs DWI_2b,SenseRefScan_TSE,T2_TSE cs2,T1_TSE cs2,STIR_TSE_Sag,T2W_TSE_TRA Th11-L1,"
"UNDEFINED",1,659,"MSK","ANKLE JOINT","SURVEY_FullFOV_Transversal,SURVEY_LEFT,STIR_TSE_Sag,AI 3D_T2W_Sag,AI T1W_TSE_Cor,STIR_TSE_cor,AI T1_TSE_tra_,AI T1_TSE_tra_,"
"UNDEFINED",1,716,"Brain","BRAIN","SmartBrain,AI T2W_TSE_TRA,AI 3D_Flair_SAG,SURVEY_PCA,T1W_SE_COR,AI cs_3DI_MC_TOF,AI T2W_Haemo,DWI_og,"
"UNDEFINED",1,845,"Abdomen","PELVIS","SURVEY,SURVEY,csSTIR_TSE_Cor,csT1W_TSE_Cor,cs3D_VIEW_T2W_cor,PDW_TSE_SPAIR_Tra,PDW_TSE_SPAIR_sag,"
"UNDEFINED",1,583,"MSK","ANKLE JOINT","SURVEY_FullFOV_Transversal,SURVEY_LEFT,STIR_TSE_Sag,AI 3D_T2W_Sag,STIR_TSE_Cor,AI T1_TSE_tra_,AI T1W_TSE_Cor,"
"UNDEFINED",1,566,"Brain","BRAIN","SmartBrain,AI T2W_TSE_TRA,AI 3D_Flair_SAG,T1W_SE_COR,AI T2W_mDIXON_cor,DWI_og,"
"UNDEFINED",1,239,"Brain","BRAIN","DWI_og,AI T2W_TSE_TRA,AI T1W_3D_TFE KM,"
"UNDEFINED",1,169,"Brain","BRAIN","T1W_SE_COR KM,"
"UNDEFINED",1,460,"Brain","BRAIN","SmartBrain,AI 3D_Flair_SAG,AI T1W_3D_TFE SAG,AI T2W_TSE_TRA,AI T2W_Haemo,DWI_og,"
"UNDEFINED",1,781,"Spine","SPINE","SUR 3D,SURVEY_COR,SURVEY_COR,SURVEY_SAG,T2_TSE,T1_TSE,STIR_TSE_sag R-L,T2 TSE Tra Th9-Th12,"
"UNDEFINED",2,269,"Abdomen","PROSTATE","cs_DWI_3bWerte,"
"UNDEFINED",1,445,"Knee","KNEE","SmartKnee,AI_3D_VIEW_PD_SPAIR sag linear,AI_PDW_TSE_SPIR_Tra,AI_T2W_TSE_Sag,AI _T1W_TSE_cor,"
"UNDEFINED",1,596,"MSK","HAND","SURVEY_FullFOV_Transversal,Survey ALL,AI 5_3D_VIEW_PD_SPAIR,AI 5_3D_VIEW_PD_SPAIR,AI _3D_T2W_Cor,AI_ T1W_TSE_TRA,AI _T1W_TSE_COR_Baender,"
"UNDEFINED",2,538,"Abdomen","PELVIS","SURVEY,SURVEY,AI T1W_TSE_Cor 3mm,AI PDW_TSE_mSPIR_Cor,AI_3D_VIEW_PD_SPAIR,AI 3D_VIEW_T2W cor,"
"UNDEFINED",1,532,"Abdomen","PELVIS","SURVEY,AI PDW_TSE_mSPIR_Cor,AI_3D_VIEW_PD_SPAIR,AI 3D_VIEW_T2W cor,AI T1W_TSE_Cor 3mm,"
"UNDEFINED",2,518,"MSK","ANKLE JOINT","SURVEY_FullFOV_Transversal,SURVEY_LEFT,SURVEY_LEFT,AI_3D_VIEW_PD_SPAIR sag linear,AI 3D_T2W_Sag,AI T1W_TSE_Cor,AI T1_TSE_tra_,"
"UNDEFINED",7,514,"MSK","SHOULDER","SmartShoulder,AI_PDW_TSE_SPIR_Tra,AI_3D PD_SPAIR,AI_3D_T2W_Cor,AI_T1W_TSE_Cor,"
"UNDEFINED",9,516,"MSK","SHOULDER","SmartShoulder,AI PDW_TSE_SPIR_Tra,AI_3D_ PD_SPAIR,AI 3D_T2W_Cor,AI _T1W_TSE_Cor,"
"UNDEFINED",1,668,"Spine","SPINE","SUR 3D,STIR_TSE_COR,T2_TSE,T1_TSE,csT2W_TSE_TRA_4mm TH 6-10,"
"UNDEFINED",1,465,"Abdomen","PELVIS","SURVEY,SURVEY,AI PDW_TSE_mSPIR_Cor,AI T1W_TSE_Cor,AI T2 3D PelvisView,PDW_TSE_SPAIR_Tra,"
"UNDEFINED",1,605,"MSK","HAND","Q_SURVEY_FullFOV_Transversal,Q_SURVEY_Rechts,AI 5_3D_VIEW_PD_SPAIR,T1W_TSE_Cor,AI 3D_T2W_Cor,PDW_TSE_SPAIR_Tra,"
"UNDEFINED",1,776,"Spine","LUMBAR SPINE","SmartSpine_L,MF_STIR_cor,SenseRefScan_TSE,STIR_TSE_Sag,T2_TSE cs2,T1_TSE cs2,T2W_TSE_TRA,"
"UNDEFINED",1,706,"Spine","LUMBAR SPINE","SmartSpine_L,SenseRefScan_TSE,T2_TSE cs2,SenseRefScan_TSE,T2_TSE cs2,MF_STIR_cor,T1_TSE cs2,T2W_TSE_TRA,"
"UNDEFINED",1,589,"Spine","LUMBAR SPINE","SmartSpine_L,SenseRefScan_TSE,T2_TSE cs2,MF_STIR_cor,SenseRefScan_TSE,T1_TSE cs2,T2W_TSE_TRA,"
"UNDEFINED",1,824,"Brain","BRAIN","SURVEY_overview,SURVEY_tra,T2W_TSE_TRA,T1W_TSE_cor,T2W_mDIXON_cor,PDW_TSE_sag,Mund_offen_PDW_TSE_sag,"
"UNDEFINED",1,620,"Brain","BRAIN","SmartBrain,SURVEY_PCA,AI T2W_TSE_TRA,AI 3D_Flair_SAG,AI cs_3DI_MC_TOF,T1W_SE_COR,DWI_og,"
"UNDEFINED",2,448,"Abdomen","PELVIS","SURVEY,AI PDW_TSE_mSPIR_Cor,AI T1W_TSE_Cor,AI T2 3D PelvisView,PDW_TSE_SPAIR_Tra,"
"UNDEFINED",1,563,"Spine","CERVICAL SPINE","SmartSpine_C,SenseRefScan_TSE,csSTIR_TSE_sag,MF_T2 TSE_Sag,AI MYELO_3D,T1W_TSE_sag,AI T2W_TSE_TRA C2-TH1,"
"UNDEFINED",1,132,"Body","LARYNX","SURVEY_bFFE,PCA_Carotis_Survey,"
"UNDEFINED",1,245,"Body","LARYNX","AI 3D_Carotis,2D_BOLUSTRAK,"
"UNDEFINED",1,637,"Brain","BRAIN","SmartBrain,AI T2W_TSE_TRA,SURVEY_PCA,AI 3D_Flair_SAG,AI cs_3DI_MC_TOF,T1W_SE_COR,DWI_og,"
"UNDEFINED",1,655,"Spine","SPINE","SUR 3D,STIR_TSE_sag R-L,T2_TSE,T1_TSE,csT2W_TSE_TRA_4mm TH 5-10,"
"UNDEFINED",1,587,"Brain","BRAIN","SmartBrain,AI T2W_TSE_TRA,AI 3D_Flair_SAG,AI T1W_3D_TFE fs KM KM,AI T2W_TSE_2.5mm_sag,T1W_SE_COR,"
"UNDEFINED",1,558,"Brain","BRAIN","SmartBrain,AI 3D_Flair_SAG,T1W_SE_COR,AI T2W_3D_Drive,DWI_og,AI T2W_TSE_TRA,AI T2W_Haemo,"
"UNDEFINED",1,853,"Body","LARYNX","SURVEY_bFFE,SURVEY_bFFE,STIR_longTE cor,T1W_TSE cor,T2W_MVXD_Sag,T2 Dixon TRA,"
"UNDEFINED",1,901,"Abdomen","ABDOMEN","SURVEY,STIR_Cor_BH,T1 mDIXON_all,T2 MF tra,cs DWI_3b,T2 MF SPR tra,cs9 MRCP 3D BH,"
"UNDEFINED",1,456,"Knee","KNEE","SmartKnee,AI_3D_VIEW_PD_SPAIR sag linear,AI T2W_TSE_Sag,AI PDW_TSE_SPIR_Tra,AI T1W_TSE_cor,"
"UNDEFINED",1,405,"Abdomen","ABDOMEN","SURVEY,T2W_TSE_Sag,T1 mDIXON_dyn_cs 01,2D_BOLUSTRAK,T1 DIXON_dyn_cs 02,T1 mDIXON-W_Cor_KM,T1 mDIXON_W_cs_SPAET,"
"UNDEFINED",1,626,"Spine","SPINE","SUR 3D,STIR_TSE_sag R-L,T2_TSE,T1_TSE,csT2W_TSE_TRA_4mm TH 5-9,"
"UNDEFINED",1,710,"MSK","HAND","SURVEY_FullFOV_Transversal,Survey ALL,AI 5_3D_VIEW_PD_SPAIR,AI 3D_T2W_Cor,AI T1W_TSE_Sag_Sehne,AI T1W_TSE_COR_Baender,AI T1W_TSE_TRA,"
"UNDEFINED",13,479,"Brain","BRAIN","SmartBrain,AI T2W_TSE_TRA,AI_3D_Flair_SAG,T1W_SE_COR,AI T2W_Haemo,DWI_og,"
"UNDEFINED",1,519,"Brain","BRAIN","SmartBrain,AI 3D_Flair_SAG,T1W_SE_sag,AI T2W_TSE_2.5mm_sag,T1W_SE_COR,"
"UNDEFINED",1,563,"Brain","BRAIN","SmartBrain,AI T2W_TSE_TRA,AI_3D_Flair_SAG,T1W_SE_COR,T2W_mDIXON_cor,DWI_og,"
"UNDEFINED",1,535,"MSK","SHOULDER","SmartShoulder,SmartShoulder,AI_PDW_TSE_SPIR_Tra,AI_3D PD_SPAIR,AI_3D_T2W_Cor,AI_T1W_TSE_Cor,"
"UNDEFINED",1,1112,"Abdomen","ABDOMEN","SURVEY,STIR_Cor_BH,T1 mDIXON_all,cs DWI_3b,T2 MF tra,T2 MF SPR tra,T1 mDIXON-W_Cor_KM,T1 mDIXON_W_cs_,T1 BH cor KM,"
"UNDEFINED",1,117,"Brain","BRAIN","DWI_og,AI T2W_TSE_TRA,"
"UNDEFINED",1,929,"Brain","BRAIN","SmartBrain,AI T2W_TSE_TRA,AI_3D_Flair_SAG,T1W_SE_COR,AI T2W_3D_Drive,SURVEY_PCA,SURVEY_PCA,AI_cs_3DI_MC_TOF,AI T2W_Haemo,DWI_og,AI T1W_3D_TFE fs KM KM,"
"UNDEFINED",1,752,"Brain","BRAIN","SmartBrain,AI_3D_Flair_SAG,T1W_SE_COR,DWI_og,AI T2W_Haemo,AI T2W_TSE_TRA,AI_T1W_3D_TFE KM sag,T1W_SE_COR_KM,"
"UNDEFINED",1,558,"Brain","BRAIN","SmartBrain,AI T2W_TSE_TRA,AI_3D_Flair_SAG,T1W_SE_COR,AI T2W_3D_Drive,DWI_og,AI T2W_Haemo,"
"UNDEFINED",1,632,"Spine","CERVICAL SPINE","SmartSpine_C,MF_T2 TSE_Sag,T1W_TSE_sag,SenseRefScan_TSE,csSTIR_TSE_sag,AI T2W_TSE_TRA C2-TH5,"
"UNDEFINED",1,1316,"Abdomen","ABDOMEN","SURVEY,STIR_Cor_BH,T2W_TSE_Cor,T2 MF tra,T2 MF tra,mDIXON_all,mDIXON_all,cs DWI_2b RT,cs DWI_2b,"
"UNDEFINED",1,504,"Brain","BRAIN","SmartBrain,AI T2W_TSE_TRA,AI_3D_Flair_SAG,T1W_SE_COR,AI T2W_3D_Drive,DWI_og,"
"UNDEFINED",1,721,"Abdomen","PELVIS","SURVEY,AI T2 3D PelvisView,AI PDW_TSE_mSPIR_Cor,AI T1W_TSE_Cor,T1W_TSE_Tra,PDW_TSE_SPAIR_Tra,"
"UNDEFINED",1,426,"Abdomen","PELVIS","SURVEY,AI T1W_TSE_Cor 3mm,AI 3D_VIEW_T2W cor,AI PDW_TSE_mSPIR_Cor,AI PDW_TSE_SPAIR_Tra_bds,"
"UNDEFINED",1,562,"Brain","BRAIN","SmartBrain,AI T2W_TSE_TRA,AI_3D_Flair_SAG,T1W_SE_COR,AI T2W_Haemo,AI T2W_3D_Drive,DWI_og,"
"UNDEFINED",1,502,"Abdomen","PELVIS","SURVEY,SURVEY,SURVEY,AI STIR cor,AI 3D_VIEW_T2W cor,AI T1W_TSE_Cor,AI PDW_TSE_SPAIR_Tra_bds,"
"UNDEFINED",1,547,"Brain","BRAIN","SmartBrain,AI T2W_TSE_TRA,AI_3D_Flair_SAG,T1W_SE_COR,AI T2W_TSE_TRA,AI T2W_Haemo,DWI_og,"
"UNDEFINED",1,628,"Brain","BRAIN","SmartBrain,AI T2W_TSE_TRA,cs3D_PCA_SINUS,AI_3D_Flair_SAG,T1W_SE_COR,DWI_og,"
"UNDEFINED",1,597,"Abdomen","ABDOMEN","SURVEY,STIR_Cor_BH,T2W_TSE_Cor,T2 MF tra,T2 MF tra,T2 MF SPR tra,"
"UNDEFINED",1,328,"Abdomen","ABDOMEN","mDIXON_all,mDIXON_all,cs DWI_2b RT,cs DWI_2b,"
"UNDEFINED",1,926,"Brain","BRAIN","SmartBrain,AI T2W_TSE_TRA,AI_3D_Flair_SAG,T1W_SE_COR,AI T2W_Haemo,DWI_og,AI_T1W_3D_TFE KM sag,T1W_SE_COR_KM,cs_FLAIR KM,"
"UNDEFINED",1,480,"Brain","BRAIN","SmartBrain,AI T2W_TSE_TRA,AI_3D_Flair_SAG,T1W_SE_COR,AI T2W_TSE_2.5mm_sag,DWI_og,"
"UNDEFINED",1,25,"Abdomen","ABDOMEN","SURVEY,"
"UNDEFINED",1,1367,"Abdomen","ABDOMEN","STIR_Cor_BH,T2W_TSE_Cor,T2 MF tra,T2 MF tra,T2 MF SPR tra,T2 MF SPR tra,cs DWI_2b RT,cs DWI_2b,mDIXON_all,mDIXON_all,T1 mDIXON_dyn_cs 01,2D_BOLUSTRAK,T1 DIXON_dyn_cs 02,T1 mDIXON-W_Cor_KM,T1 mDIXON_W_cs_KM,"
"UNDEFINED",1,861,"Brain","BRAIN","SmartBrain,AI T2W_TSE_TRA,AI_3D_Flair_SAG,T1W_SE_COR,AI T2W_3D_Drive,AI T2W_Haemo,DWI_og,AI_T1W_3D_TFE KM,T1W_SE_COR KM,"
"UNDEFINED",1,997,"Brain","BRAIN","SmartBrain,AI T2W_TSE_TRA,AI_3D_Flair_SAG,DWI_og,T1W_SE_COR,T2W_mDIXON_cor,T1W_3D_TFE fs KM,T1W_SE_COR fs KM,"
"UNDEFINED",1,595,"Brain","BRAIN","SmartBrain,SmartBrain,AI T2W_TSE_TRA,AI_3D_Flair_SAG,T2W_TSE_TRA,T1W_SE_COR,AI T2W_Haemo,DWI_og,"
"UNDEFINED",1,622,"MSK","HAND","SURVEY_FullFOV_Transversal,Survey ALL,SURVEY_FullFOV_Transversal,Survey ALL,AI 5_3D_VIEW_PD_SPAIR,AI T1W_TSE_TRA,AI 3D_T2W_Cor,AI T1W_TSE_COR_Baender,"
"UNDEFINED",1,978,"Brain","BRAIN","SmartBrain,AI T2W_TSE_TRA,AI_3D_Flair_SAG,T1W_SE_COR,AI T2W_Haemo,DWI_og,T1W_SE_sag,T1W Dyn,T1W_SE_COR KM,"
"UNDEFINED",1,635,"Spine","SPINE","SUR 3D,STIR_TSE_sag R-L,T2_TSE,T1_TSE,STIR_TSE_COR,"
"UNDEFINED",1,884,"Abdomen","ABDOMEN","SURVEY,STIR_Cor_BH,T1 mDIXON_all,cs DWI_3b,T2 MF tra,T2 MF SPR tra,T1 mDIXON_dyn_cs 01,2D_BOLUSTRAK,T1 DIXON_dyn_cs 02,T1 mDIXON-W_Cor_KM,T1 mDIXON_W_cs_SPAET,"
"UNDEFINED",1,729,"Spine","LUMBAR SPINE","SmartSpine_L,SenseRefScan_TSE,T2_TSE cs2,MF_STIR_cor,T1_TSE cs2,T2W_TSE_TRA,T1W_TSE_COR,"
"UNDEFINED",1,566,"MSK","HAND","SURVEY_FullFOV_Transversal,Survey ALL,AI T1W_TSE_TRA,AI 5_3D_VIEW_PD_SPAIR,AI 3D_T2W_Cor,AI T1W_TSE_Sag_Sehne,"
"UNDEFINED",1,385,"Knee","KNEE","SmartKnee,AI_3D_VIEW_PD_SPAIR sag linear,AI PDW_TSE_SPIR_Tra,AI T2W_TSE_Sag,"
"UNDEFINED",1,56,"Knee","KNEE","AI T1W_TSE_cor,"
"UNDEFINED",1,849,"MSK","SHOULDER","SURVEY_FullFOV_Transversal,SURVEY_Rec,3D_T2W_sag,AI PDW_TSE_SPAIR_Tra,AI T1W_TSE_Cor,STIR_TSE_Cor,"
"UNDEFINED",2,551,"MSK","SACROILIAC JOINT","SURVEY,STIR_TSE_COR,T1W_TSE_COR,T2W_TSE_COR,T2W_TSE_mSPIR_tra,"
"UNDEFINED",1,543,"MSK","ANKLE JOINT","SURVEY_FullFOV_Transversal,SURVEY_Rechts,AI_3D_VIEW_PD_SPAIR sag linear,AI 3D_T2W_Sag,AI T1W_TSE_Cor,AI T1_TSE_tra_,"
"UNDEFINED",1,595,"MSK","ANKLE JOINT","SURVEY_FullFOV_Transversal,SURVEY_LEFT,AI_3D_VIEW_PD_SPAIR sag linear,AI 3D_T2W_Sag,AI T1W_TSE_Sag,AI PDW_TSE_SPAIR_Tra,"
"UNDEFINED",1,666,"Spine","CERVICAL SPINE","SmartSpine_C,MF_STIR_cor,MF_T2 TSE_Sag,T1W_TSE_sag,AI MYELO_3D,AI T2W_TSE_TRA C2-TH1,"
"UNDEFINED",1,492,"Brain","BRAIN","SmartBrain,AI T2W_TSE_TRA,AI_3D_Flair_SAG,AI T2W_3D_Drive,T1W_SE_COR,DWI_og,"
"UNDEFINED",1,671,"Vascular (body)","AORTIC ARCH","SURVEY,T1_e-THRIVE_BH tra,T1 mDIXON-W_Cor,2D_bTFE_RT,BB_SSh_BH,cs4_3D_AORTA,2D_BOLUSTRAK,T1 3D_Vane_XD,"
"UNDEFINED",1,680,"Brain","BRAIN","SmartBrain,AI_3D_Flair_SAG,T1W_SE_COR,DWI_og,AI T2W_TSE_TRA,AI_T1W_3D_TFE KM sag,T1W_SE_COR_KM,"
"UNDEFINED",1,460,"Brain","BRAIN","SmartBrain,AI_3D_Flair_SAG,AI _T1W_3D_TFE SAG,AI _T2W_TSE_TRA,AI _T2W_Haemo,DWI_og,"
"UNDEFINED",1,1256,"Abdomen","PROSTATE","SURVEY,AI T1 TSE tra,MF T2W_TSE_sag,AI T2 TSE cor,csAI_T2_TSE_ax_HR,cs_DWI_3bWerte,cs_DWI_b1500,PDW_TSE_SPAIR_Tra,"
"UNDEFINED",1,1247,"Abdomen","ABDOMEN","STIR_Cor_BH,T2W_TSE_Cor,T2 MF tra,T2 MF tra,mDIXON_all,mDIXON_all,cs DWI_2b RT,cs DWI_2b,mDIXON_W_IP,mDIXON_W_IP,STIR_Cor_BH,dual_FFE_3mm_NN,"
"UNDEFINED",1,470,"Brain","BRAIN","SmartBrain,MF_T2W TSE_Tra WIP,AI 3D_Flair_SAG,AI T1W_3D_TFE  sag,AI T2W_Haemo,DWI_og,"
"UNDEFINED",1,536,"MSK","ANKLE JOINT","SURVEY_FullFOV_Transversal,SURVEY_Rechts,AI T1W_TSE_Sag,AI_3D_VIEW_PD_SPAIR sag linear,AI 3D_T2W_Sag,AI PDW_TSE_SPAIR_Tra,"
"[Info] gesamte Wirbelsaeule",1,2265,"Spine","LUMBAR SPINE","SURVEY_SAG,SURVEY_COR,T1W_TSE,T2W_TSE,STIR_TSE,T1W_TSE,T2W_TSE,STIR_TSE,SUR 3D,SenseRefScan_TSE,T2_TSE cs2,SenseRefScan_TSE,T2_TSE cs2,T1_TSE cs2,T1_TSE cs2,T2W_TSE_TRA,mDIXON-W_HR cs2,mDIXON-W_HR cs2,3D_T1W-mDIXON KM cs2,"
"[Info] CS 10 2022 gesamte Wirbelsaeule",1,1419,"Spine","LUMBAR SPINE","SmartSpine_L,STIR_TSE_COR R-L,SenseRefScan_TSE,T2_TSE cs2,T1_TSE cs2,T2_TSE cs2,T2W_TSE_TRA,AI MYElO 3D,SenseRefScan_TSE,T1 TSE SAG cs2.8,STIR_TSE_Sag,T1_TSE sag,STIR_TSE 3 mm,"
"[Info] CS 10 2022 gesamte Wirbelsaeule",1,1345,"Spine","SPINE","SUR 3D,SUR 3D,STIR_TSE_COR R-L,SenseRefScan_TSE,T2_TSE cs2,T1_TSE cs2,STIR_TSE_COR R-L,T2_TSE,T1_TSE,csT2W_TSE_TRA_4mm TH 5-9,AI MYELO_3D,STIR_TSE_sag R-L,"
"[Info] cs_3D_BrainVIEW_T1W",1,1598,"Brain","BRAIN","SmartBrain,SURVEY_PCA,AI T2W_TSE_TRA,AI 3D_Flair_SAG,AI T2W_Haemo,cs_3DI_MC_TOF,DWI_og,T1W_SE_COR,AI cs_3DI_MC_TOF,AI T1W_SE_COR,T2W_TSE_2.5mm_sag,AI T2W_TSE_2.5mm_sag,T1W_SE_sag,cs_3D_BrainVIEW_T1W,"
"[Info] Handgelenk links Zeit",1,908,"MSK","HAND","Q_SURVEY_FullFOV_Transversal,Q_SURVEY_FullFOV_Transversal,Q_SURVEY_FullFOV_Transversal,Q_SURVEY_LEFT,Q_SURVEY_FullFOV_Transversal,Q_SURVEY_FullFOV_Transversal,Q_SURVEY_LEFT,Q_SURVEY_FullFOV_Transversal,Q_SURVEY_LEFT,AI 3D_T2W_Cor,T1W_TSE_Cor,PDW_TSE_mSPIR TFCC,cs5_3D_VIEW_PD_SPAIR,PDW_TSE_SPAIR_Tra,AI PDW_TSE_mSPIR TFCC,"
"[Info] AI Handgelenk links Zeit",1,200,"MSK","HAND","Q_SURVEY_FullFOV_Transversal,Q_SURVEY_LEFT,cs5_3D_VIEW_PD_SPAIR,"
"[Info] AI Handgelenk links Zeit",6,572,"MSK","HAND","Q_SURVEY_FullFOV_Transversal,Q_SURVEY_links,AI 5_3D_VIEW_PD_SPAIR,AI 3D_T2W_Cor,T1W_TSE_Cor,PDW_TSE_SPAIR_Tra,"
"[Info] AI Handgelenk links Zeit",1,566,"MSK","HAND","Q_SURVEY_FullFOV_Transversal,Q_SURVEY_links,AI 3D_T2W_Cor,AI 5_3D_VIEW_PD_SPAIR,T1W_TSE_Cor,PDW_TSE_SPAIR_Tra,"
"[Info] AI Handgelenk links Zeit",1,468,"MSK","HAND","Q_SURVEY_FullFOV_Transversal,Q_SURVEY_links,AI 5_3D_VIEW_PD_SPAIR,AI 3D_T2W_Cor,AI T1W_TSE_TRA,"
"[Info] AI Handgelenk links Zeit",1,566,"MSK","HAND","Q_SURVEY_FullFOV_Transversal,Q_SURVEY_links,AI 5_3D_VIEW_PD_SPAIR,T1W_TSE_Cor,AI 3D_T2W_Cor,PDW_TSE_SPAIR_Tra,"
"[Info] Finger",1,905,"MSK","HAND","Survey FullFOV (HeadFirst gelagert),Survey ALL,AI 5_3D_VIEW_PD_SPAIR,T1W_TSE_Sag_Sehne,T1W_TSE_COR_Baender,T1W_TSE_TRA,AI 3D_T2W_Cor,AI T1W_SPIR_SAG,AI T1W_SPIR tra,"
"[Info] Handgelenk links Zeit RL",1,884,"MSK","HAND","Survey FullFOV (HeadFirst gelagert),Survey ALL,AI 5_3D_VIEW_PD_SPAIR,AI 3D_T2W_Cor,AI T1W_TSE_COR_Baender,AI T1W_TSE_TRA,AI T1W_SPIR_SAG 2./3. Finger,PDW_TSE_SPAIR_Tra,"
"[Info] Schulter/Oberarm links",1,1765,"MSK","SHOULDER","SURVEY_FullFOV_Transversal,SURVEY_Rec,3D_T2W_cor,T1W_TSE_Cor,AI T1 TSEtra,STIR_TSE_Cor,3D_T2W_cor,STIR_TSE_sag,PDW_TSE_SPAIR_Tra,AI T1 TSE tra fs KM,3D_T2W_cor,"
"[Info] CS_T2W_TSE_SEMAC_Cor",1,1377,"Abdomen","PELVIS","SURVEY,cs3D_VIEW_T2W cor,cs STIR_TSE_Cor,T1W_TSE_cor,SenseRefScan_TSE,OMAR cs STIR_TSE_Cor,AI OMAR  STIR_TSE_tra,CS_STIR_SEMAC_Cor,CS_T2W_TSE_SEMAC_Cor,CS_STIR_SEMAC_Cor,"
"[Info] 10 2022 Oberbauch dyn",1,1138,"Abdomen","ABDOMEN","SURVEY,STIR_Cor_BH,T2 MF tra,T1 mDIXON_all,T2 MF SPR tra,cs DWI_2b RT,cs DWI_2b,T1 mDIXON_all,cs8 MRCP 3D BH,AI cs12 MRCP 3D BH,AI MSDE cs12 MRCP 3D BH,T1 TFE tra,"
"[Info] 10 2022 Oberbauch dyn",1,327,"Abdomen","ABDOMEN","SURVEY,SURVEY,STIR_Cor_BH,T1 mDIXON_all,T2 MF tra,"
"[Info] 10 2022 Oberbauch dyn",1,126,"Abdomen","ABDOMEN","SURVEY,STIR_Cor_BH,"
"[Info] 10 2022 Oberbauch dyn",1,905,"Abdomen","ABDOMEN","SURVEY,STIR_Cor_BH,T1 mDIXON_all,cs DWI_3b,T2 MF tra,T2 MF SPR tra,"
"[Info] 10 2022 Oberbauch dyn",1,863,"Abdomen","ABDOMEN","SURVEY,STIR_Cor_BH,cs DWI_3b,T2 MF tra,T2 MF SPR tra,dual_FFE_3mm_NN,T1 mDIXON_all,"
"[Info] 10 2022 Oberbauch dyn",1,1532,"Abdomen","ABDOMEN","SURVEY,STIR_Cor_BH,T1 mDIXON_all,cs DWI_3b,T2 MF tra,T2 MF SPR tra,T1 mDIXON_dyn_cs 01,2D_BOLUSTRAK,T1 DIXON_dyn_cs 02,T1 mDIXON-W_Cor_KM,T1 mDIXON_W_cs_SPAET,T1 BH cor KM,T1 BH tra,T1 BH tra,MF T2W_TSE_sag,"
"[Info] 10 2022 Oberbauch dyn",1,321,"Abdomen","ABDOMEN","SURVEY,T1 mDIXON_dyn_cs 01,2D_BOLUSTRAK,T1 DIXON_dyn_cs 02,T1 mDIXON_dyn_cs 01,2D_BOLUSTRAK,SURVEY,T1 mDIXON_all,T1 mDIXON_all,"
"[Info] AI Prostata FF",1,1468,"Abdomen","PROSTATE","SURVEY,AI T1 TSE tra,AI T2W_TSE_sag,AI T2 TSE cor,AI_T2_TSE_ax_HR,cs_DWI_3bWerte,cs_DWI_b1500,MF T2W_TSE_sag,cs_DWI_3bWerte,"
"[Info] AI Prostata FF",1,1302,"Abdomen","PELVIS","SURVEY,AI STIR_TSE_Cor,T1W_TSE_cor,MF T2W_TSE_sag,mDIXON_HR_TRA_KM,AI T2 3D SPIR PelvisView,AI T1 TSE tra,MF T2W_TSE_sag,AI T2 3D SPIR PelvisView,T2W_TSE_ax,SenseRefScan_TSE,MF_T1W_TSE_sag,"
"[Info] AI Prostata FF",1,1108,"Abdomen","PROSTATE","SURVEY,SURVEY,AI T1 TSE tra,MF T2W_TSE_sag,AI T2 TSE cor,csAI_T2_TSE_ax_HR,cs_DWI_3bWerte,cs_DWI_b1500,"
"[Info] 3D_Vane_XD",1,1573,"Vascular (body)","AORTIC ARCH","SURVEY,STIR_Cor_BH_3mm,T2 MF tra,BB_SSh_BH,T1_e-THRIVE_BH tra,mDIXON-W_Cor,2D_bTFE_RT,PSS STIR_Cor_BH,3D_Vane_XD_mDIXON,cs4_3D_AORTA,2D_BOLUSTRAK,cs4_3D_AORTA,2D_BOLUSTRAK,3D_Vane_XD,"
"[Info] Schulter rechts SMART",1,1253,"MSK","SHOULDER","SmartShoulder,PDW_TSE_SPIR_Tra,3D_T2W_Cor,PDW_TSE_SPIR_Sag,PDW_TSE_SPIR_Cor,T1W_TSE_Cor,AI 3D_T2W_Cor,AI PDW_TSE_SPIR_Tra,AI T1W_TSE_Cor,AI PDW_TSE_SPIR_Sag,AI_3D_VIEW_PD_SPAIR sag linear,"
"[Info] MF_T2W TSE_Tra",1,1119,"Brain","BRAIN","SmartBrain,AI T2W_TSE_TRA,SURVEY_PCA,AI 3D_Flair_SAG,AI 3D_Flair_SAG,MF_T2W TSE_Tra,AI cs_3DI_MC_TOF,AI T2W_Haemo,DWI_og,T1W_SE_COR,AI T1W_3D_TFE sag,T1W_SE_COR,"
"[Info] AI Schulter rechts SMART",1,1279,"MSK","SHOULDER","SmartShoulder,AI PDW_TSE_SPIR_Tra,AI 3D_T2W_Cor,PDW_TSE_SPIR_Cor,AI T1W_TSE_Cor,AI PDW_TSE_SPIR_Sag,AI_3D_VIEW_PD_SPAIR WIP,AI PDW_TSE_SPIR_Tra,AI PDW_TSE_SPIR_Tra,PDW_TSE_SPIR_Cor,PDW_TSE_SPIR_Tra,"
"[Info] AI Handgelenk rechts Zeit",1,582,"MSK","HAND","Q_SURVEY_FullFOV_Transversal,Q_SURVEY_Rechts,AI 5_3D_VIEW_PD_SPAIR,AI 3D_T2W_Cor,T1W_TSE_Cor,PDW_TSE_SPAIR_Tra,"
"[Info] AI Handgelenk rechts Zeit",1,790,"MSK","HAND","Q_SURVEY_FullFOV_Transversal,Q_SURVEY_Rechts,T1W_TSE_Cor,AI 5_3D_VIEW_PD_SPAIR,AI 3D_T2W_Cor,PDW_TSE_SPAIR_Tra,PDW_TSE_mSPIR TFCC,"
"[Info] AI Handgelenk rechts Zeit",1,222,"MSK","HAND","Q_SURVEY_FullFOV_Transversal,Q_SURVEY_Rechts,Q_SURVEY_FullFOV_Transversal,Q_SURVEY_Rechts,AI 5_3D_VIEW_PD_SPAIR,"
"[Info] T2W_TSE",1,1367,"MSK","STERNOCLAVICULAR JOINT","SURVEY_bFFE,SURVEY_bFFE,AI STIR_longTE,AI T1W_TSE cor,T2 MF tra,STIR_TSE,3D_Vane_XD,STIR_Cor_BH_3mm,T1W_TSE_Tra,T2W_TSE,MF_T2 TSE_Sag,"
"[Info] AI Handgelenk rechts Zeit neu",1,23,"MSK","HAND","Q_SURVEY_FullFOV_Transversal,Q_SURVEY_Rechts,"
"[Info] !Abdomen",1,2198,"Abdomen","ABDOMEN","SURVEY,STIR_Cor_BH,T2W_TSE_Cor,T1 BH cor,mDIXON_all,mDIXON_all,cs DWI_2b RT,cs DWI_2b,T2 MF tra,T2 MF tra,T2 MF SPR tra,T2 MF SPR tra,cs DWI_2b RT,cs DWI_2b,cs DWI_2b RT,Nieren Angio mDIXON_MRA_Pelvis,2D_BOLUSTRAK,mDIXON_W_IP_KM,mDIXON_W_IP_KM,mDIXON-W_Cor_KM,e-THRIVE_Cor_KM,T2W_TSE_Sag,T1 BH cor KM,"
"[Info] !Abdomen neu 10 2022",1,370,"Abdomen","ABDOMEN","SURVEY,mDIXON_all,mDIXON_all,cs DWI_2b RT,cs DWI_2b,"
"[Info] Smart AI HWS SMART 2022",1,948,"Spine","CERVICAL SPINE","SmartSpine_C,MF_T2 TSE_Sag,csSTIR_TSE_COR,MF_T1 TSE_ Sag,SenseRefScan_TSE,csSTIR_TSE_sag,AI MYELO_3D,AI 3D_Spine_VIEW_T2W,AI T2W_TSE_TRA C2-TH1,"
"[Info] Smart AI HWS SMART 2022",1,602,"Spine","CERVICAL SPINE","SmartSpine_C,csSTIR_TSE_COR,MF_T2 TSE_Sag,T1W_TSE_SAG,AI MYELO_3D,AI T2W_TSE_TRA C2-TH1,"
"[Info] Smart AI HWS SMART 2022",1,650,"Spine","CERVICAL SPINE","SmartSpine_C,MF_T2 TSE_Sag,T1W_TSE_SAG,AI T2W_TSE_TRA C2-TH1,AI T2W_TSE_TRA C2-TH1,AI MYELO_3D,csSTIR_TSE_COR,"
"[Info] Smart AI HWS SMART 2022",1,750,"Spine","CERVICAL SPINE","SmartSpine_C,SmartSpine_C,csSTIR_TSE_COR,MF_T2 TSE_Sag,T1W_TSE_SAG,AI T2W_TSE_TRA C2-TH1,MF_STIR_cor,"
"[Info] Smart AI HWS SMART 2022",1,949,"Spine","CERVICAL SPINE","SmartSpine_C,MF_STIR_cor,SenseRefScan_TSE,csSTIR_TSE_sag,MF_T2 TSE_Sag,T1W_TSE_sag,AI MYELO_3D,AI T2W_TSE_TRA C2-TH1,MF_T2 TSE_Cor,"
"[Info] Smart AI HWS SMART 2022",1,542,"Spine","CERVICAL SPINE","SmartSpine_C,SmartSpine_C,MF_T2 TSE_Sag,SenseRefScan_TSE,csSTIR_TSE_sag,T1W_TSE_sag,AI T2W_TSE_TRA C2-TH1,"
"[Info] Smart AI HWS SMART 2022",5,573,"Spine","CERVICAL SPINE","SmartSpine_C,MF_STIR_cor,MF_T2 TSE_Sag,T1W_TSE_sag,AI T2W_TSE_TRA C2-TH1,"
"[Info] Smart AI HWS SMART 2022",1,528,"Spine","CERVICAL SPINE","SmartSpine_C,MF_T2 TSE_Sag,T1W_TSE_sag,AI T2W_TSE_TRA C2-TH1,SenseRefScan_TSE,csSTIR_TSE_sag,"
"[Info] Smart AI HWS SMART 2022",1,517,"Spine","CERVICAL SPINE","SmartSpine_C,SenseRefScan_TSE,csSTIR_TSE_sag,MF_T2 TSE_Sag,T1W_TSE_sag,AI T2W_TSE_TRA C2-TH1,"
"[Info] Smart AI HWS SMART 2022",1,573,"Spine","CERVICAL SPINE","SmartSpine_C,MF_T2 TSE_Sag,SenseRefScan_TSE,csSTIR_TSE_sag,AI T2W_TSE_TRA C2-TH3,AI MYELO_3D,T1W_TSE_sag,"
"[Info] Smart AI HWS SMART 2022",1,601,"Spine","CERVICAL SPINE","SmartSpine_C,SmartSpine_C,MF_T2 TSE_Sag,T1W_TSE_sag,AI MYELO_3D,AI T2W_TSE_TRA C2-TH1,SenseRefScan_TSE,csSTIR_TSE_sag,"
"[Info] Smart AI HWS SMART 2022",1,595,"Spine","CERVICAL SPINE","SmartSpine_C,MF_T2 TSE_Sag,AI T2W_TSE_TRA C2-TH1,T1W_TSE_sag,AI MYELO_3D,SenseRefScan_TSE,csSTIR_TSE_sag,"
"[Info] Smart AI HWS SMART 2022",1,716,"Spine","CERVICAL SPINE","SmartSpine_C,MF_STIR_cor,MF_T2 TSE_Sag,MF_T2 TSE_Sag,T1W_TSE_sag,AI T2W_TSE_TRA C2-TH1,"
"[Info] AI Kopf nativ SMART",1,660,"Brain","BRAIN","SmartBrain,AI T2W_TSE_TRA,AI 3D_Flair_SAG,AI T1W_3D_TFE  sag,AI T2W_Haemo,DWI_og,AI T1W_3D_TFE  cor,AI T1W_3D_TFE  cor,AI T1W_3D_TFE  cor,"
"[Info] AI Kopf nativ SMART",1,895,"Brain","BRAIN","SmartBrain,AI T2W_TSE_TRA,AI 3D_Flair_SAG,SURVEY_PCA,T1W_SE_COR,AI cs_3DI_MC_TOF,DWI_og,T1W VISTA BB,AI T1W_3D_TFE  sag,"
"[Info] AI Kopf nativ SMART",19,487,"Brain","BRAIN","SmartBrain,AI T2W_TSE_TRA,AI 3D_Flair_SAG,T1W_SE_COR,AI T2W_Haemo,DWI_og,"
"[Info] AI Kopf nativ SMART",1,821,"Brain","BRAIN","SmartBrain,AI T2W_TSE_TRA,AI 3D_Flair_SAG,T1W_SE_COR,AI T2W_Haemo,DWI_og,SmartBrain,AI T1W_3D_TFE KM sag,T1W_SE_COR_KM,"
"[Info] AI Kopf nativ SMART",1,622,"Brain","BRAIN","SmartBrain,AI T2W_TSE_TRA,AI 3D_Flair_SAG,AI T1W_3D_TFE KM sag,T1W_SE_COR,DWI_og,AI T2W_Haemo,"
"[Info] AI Kopf nativ SMART",3,417,"Brain","BRAIN","SmartBrain,AI T2W_TSE_TRA,AI 3D_Flair_SAG,T1W_SE_COR,DWI_og,"
"[Info] AI Kopf nativ SMART",1,779,"Brain","BRAIN","SmartBrain,AI T2W_TSE_TRA,SURVEY_PCA,AI 3D_Flair_SAG,AI cs_3DI_MC_TOF,T1W_SE_COR,AI T2W_Haemo,DWI_og,AI T2W_TSE_2.5mm_sag,"
"[Info] AI Kopf nativ SMART",3,487,"Brain","BRAIN","SmartBrain,AI T2W_TSE_TRA,AI 3D_Flair_SAG,T1W_SE_COR,DWI_og,AI T2W_Haemo,"
"[Info] AI Kopf nativ SMART",1,527,"Brain","BRAIN","SmartBrain,AI 3D_Flair_SAG,AI T2W_TSE_TRA,T1W_SE_COR,DWI_og,AI T2W_Haemo,"
"[Info] AI Kopf nativ SMART",1,557,"Brain","BRAIN","SmartBrain,AI 3D_Flair_SAG,AI T2W_TSE_TRA,AI 3D_Flair_SAG,AI T2W_TSE_TRA,T1W_SE_COR,DWI_og,"
"[Info] AI Kopf nativ SMART",3,695,"Brain","BRAIN","SmartBrain,AI T2W_TSE_TRA,SURVEY_PCA,AI 3D_Flair_SAG,AI cs_3DI_MC_TOF,T1W_SE_COR,AI T2W_Haemo,DWI_og,"
"[Info] AI Kopf nativ SMART",1,538,"Brain","BRAIN","SmartBrain,AI T2W_TSE_TRA,AI 3D_Flair_SAG,T1W_SE_COR,DWI_og,AI T2W_mDIXON_cor,"
"[Info] AI Kopf nativ SMART",1,559,"Brain","BRAIN","SmartBrain,AI T2W_TSE_TRA,AI 3D_Flair_SAG,T1W_SE_COR,AI T2W_Haemo,AI T2W_3D_Drive,DWI_og,"
"[Info] AI Kopf nativ SMART",1,620,"Brain","BRAIN","SmartBrain,AI T2W_TSE_TRA,SURVEY_PCA,AI cs_3DI_MC_TOF,AI 3D_Flair_SAG,T1W_SE_COR,DWI_og,"
"[Info] AI Kopf nativ SMART",1,547,"Brain","BRAIN","SmartBrain,AI T2W_TSE_TRA,AI 3D_Flair_SAG,T1W_SE_COR,AI T2W_Haemo,DWI_og,AI T2W_TSE_TRA,"
"[Info] AI Kopf nativ SMART",1,486,"Brain","BRAIN","SmartBrain,AI T2W_TSE_TRA,AI 3D_Flair_SAG,T1W_SE_COR,AI T2W_TSE_2.5mm_sag,AI T2W_Haemo,"
"[Info] AI Kopf nativ SMART",1,559,"Brain","BRAIN","SmartBrain,T1W_SE_COR,AI T2W_TSE_TRA,AI 3D_Flair_SAG,AI T2W_3D_Drive,AI T2W_Haemo,DWI_og,"
"[Info] AI Kopf nativ SMART",1,561,"Brain","BRAIN","SmartBrain,AI T2W_TSE_TRA,AI 3D_Flair_SAG,AI T2W_TSE_TRA,T1W_SE_COR,AI T2W_Haemo,DWI_og,"
"[Info] AI Kopf nativ SMART",6,484,"Brain","BRAIN","SmartBrain,AI T2W_TSE_TRA,AI_3D_Flair_SAG,T1W_SE_COR,AI T2W_Haemo,DWI_og,"
"[Info] AI Kopf nativ SMART",2,562,"Brain","BRAIN","SmartBrain,AI T2W_TSE_TRA,AI_3D_Flair_SAG,T1W_SE_COR,AI T2W_3D_Drive,AI T2W_Haemo,DWI_og,"
"[Info] AI Kopf nativ SMART",1,552,"Brain","BRAIN","SmartBrain,AI T2W_TSE_TRA,AI_3D_Flair_SAG,AI T2W_Haemo,T1W_SE_COR,DWI_og,AI T2W_TSE_2.5mm_sag,"
"[Info] AI Kopf nativ SMART",1,642,"Brain","BRAIN","SmartBrain,AI_3D_Flair_SAG,AI _T1W_3D_TFE SAG,AI T2W_3D_Drive,AI T2W_mDIXON_cor,DWI_og,AI T2W_mDIXON_cor,"
"[Info] AI Kopf nativ SMART",1,552,"Brain","BRAIN","SmartBrain,AI T2W_TSE_TRA,AI_3D_Flair_SAG,T1W_SE_COR,AI T2W_Haemo,AI T2W_TSE_2.5mm_sag,DWI_og,"
"[Info] AI Kopf nativ SMART",2,739,"Brain","BRAIN","SmartBrain,AI T2W_TSE_TRA,AI_3D_Flair_SAG,T1W_SE_COR,AI T2W_Haemo,DWI_og,AI_T1W_3D_TFE KM sag,T1W_SE_COR_KM,"
"[Info] AI Kopf nativ SMART",1,579,"Brain","BRAIN","SmartBrain,SmartBrain,AI T2W_TSE_TRA,AI_3D_Flair_SAG,T1W_SE_COR,AI T2W_Haemo,AI T2W_3D_Drive,DWI_og,"
"[Info] AI Kopf nativ SMART",1,480,"Brain","BRAIN","SmartBrain,AI T2W_TSE_TRA,AI_3D_Flair_SAG,T1W_SE_COR,DWI_og,AI T2W_TSE_2.5mm_sag,"
"[Info] AI Kopf nativ SMART",1,872,"Brain","BRAIN","SmartBrain,AI T2W_TSE_TRA,AI_3D_Flair_SAG,T1W_SE_COR,DWI_og,T1W_SE_COR,SURVEY_PCA,AI_cs_3DI_MC_TOF,AI T2W_mDIXON_cor,"
"[Info] AI Kopf nativ SMART",1,687,"Brain","BRAIN","SmartBrain,AI T2W_TSE_TRA,AI_3D_Flair_SAG,T1W_SE_COR,SURVEY_PCA,AI T2W_Haemo,AI_cs_3DI_MC_TOF,DWI_og,"
"[Info] AI Kopf nativ SMART",1,687,"Brain","BRAIN","SmartBrain,SURVEY_PCA,AI T2W_TSE_TRA,AI_cs_3DI_MC_TOF,AI_3D_Flair_SAG,T1W_SE_COR,AI T2W_Haemo,DWI_og,"
"[Info] AI Kopf nativ SMART",1,1146,"Brain","BRAIN","SmartBrain,AI T2W_TSE_TRA,SURVEY_PCA,AI_3D_Flair_SAG,MF_T2W TSE_Tra,T1W_SE_COR,AI T2W_3D_Drive,AI_cs_3DI_MC_TOF,DWI_og,MF_T2W TSE_Tra,AI_T1W_3D_TFE KM sag,T1W_SE_COR_KM,"
"[Info] cs_3D_PelvisVIEW_T2_HR",1,1388,"Abdomen","PROSTATE","SURVEY,AI T1 TSE tra,MF T2W_TSE_sag,AI T2 TSE cor,csAI_T2_TSE_ax_HR,cs_DWI_3bWerte,cs_DWI_b1500,MF T2W_TSE_sag,cs_3D_PelvisVIEW_T2_HR,"
"[Info] OSG rechts Zeit",1,674,"MSK","ANKLE JOINT","SURVEY_FullFOV_Transversal,SURVEY_LEFT,AI_3D_VIEW_PD_SPAIR sag linear,AI 3D_T2W_Sag,AI T1W_TSE_Cor,AI_3D_VIEW_PD_SPAIR sag linear,AI T1_TSE_tra_,"
"[Info] AI Smart LWS nativ fast",1,646,"Spine","LUMBAR SPINE","SmartSpine_L,STIR_TSE_COR R-L,SenseRefScan_TSE,T2_TSE cs2,T1_TSE cs2,AI MYElO 3D,T2W_TSE_TRA,"
"[Info] AI Smart LWS nativ fast",2,622,"Spine","LUMBAR SPINE","SmartSpine_L,STIR_TSE_COR R-L,SenseRefScan_TSE,T2_TSE cs2,T1_TSE cs2,T2W_TSE_TRA,"
"[Info] AI Smart LWS nativ fast",1,653,"Spine","LUMBAR SPINE","SmartSpine_L,STIR_TSE_COR R-L,SenseRefScan_TSE,T2_TSE cs2,AI MYElO 3D,T1_TSE cs2,T2W_TSE_TRA,"
"[Info] AI Smart LWS nativ fast",1,658,"Spine","LUMBAR SPINE","SmartSpine_L,STIR_TSE_COR R-L,SenseRefScan_TSE,T2_TSE cs2,T1_TSE cs2,AI MYElO 3D,T2W_TSE_TRA,AI MYElO 3D,"
"[Info] AI Smart LWS nativ fast",1,875,"Spine","LUMBAR SPINE","SmartSpine_L,SenseRefScan_TSE,T2_TSE cs2,T2_TSE cs2,T1_TSE cs2,STIR_Cor_BH,T2W_TSE_TRA,STIR_Cor_BH,cs DWI_2b RT,cs DWI_2b,STIR_Cor_BH,"
"[Info] AI Smart LWS nativ fast",1,694,"Spine","LUMBAR SPINE","SmartSpine_L,STIR_TSE_COR R-L,SenseRefScan_TSE,T2_TSE cs2,T1_TSE cs2,T2W_TSE_TRA,MF_STIR_cor,"
"[Info] Vorfuss / Mittelfuss rechts(1)",1,1041,"MSK","FOOT","SURVEY_FullFOV_Transversal,SURVEY Right,SURVEY_Right,AI_3D_VIEW_PD_SPAIR cor  linear,AI_3D_VIEW_PD_SPAIR tra linear,AI 3D_T2W_Tra,AI T1W_TSE_Cor,T1_TSE_tra_2mm,T1W_TSE_Sag,AI_3D_VIEW_PD_SPAIR sag linear,STIR_TSE_Sag,T2W_mDIXON_TSE_XD_TRA,"
"[Info] MF_PDW_TSE_SPAIR_Cor",1,1261,"MSK","SHOULDER","SmartShoulder,AI PDW_TSE_SPIR_Tra,AI 3D_T2W_Cor,PDW_TSE_SPIR_Cor,AI PDW_TSE_SPIR_Sag,AI T1W_TSE_Cor,AI_3D_VIEW_PD_SPAIR WIP,PD SPIR tra,MF_PDW_TSE_SPAIR_Cor,"
"[Info] STIR_longTE",1,2277,"Body","LARYNX","SURVEY_bFFE,MF_T1 TSE_cor,T1W_TSE cor,STIR_longTE cor,MF_T2 TSE_Sag,T2 Dixon TRA,STIR_longTE Cor,PCA_Carotis_Survey,AI 3D_Carotis,2D_BOLUSTRAK,MF_T1 TSE_cor KM,CS_3D_VANE_XD_mDIXON KM,cs2.5 T1 Dixon TRA KM,"
"[Info] AI kleines Becken",1,91,"Abdomen","ABDOMEN","dual_FFE_3mm_NN,"
"[Info] Smart CS 10 2022BWS 2022",1,771,"Spine","SPINE","SUR 3D,STIR_TSE_COR,T2_TSE,T1_TSE,AI MYELO_3D,csT2W_TSE_TRA_4mm TH 4-8,"
"[Info] Smart CS 10 2022BWS 2022",1,760,"Spine","SPINE","SUR 3D,STIR_TSE_COR,T2_TSE,T1_TSE,AI MYELO_3D,csT2W_TSE_TRA_4mm TH 6-11,"
"[Info] AI OSG rechts  Zeit",1,686,"MSK","ANKLE JOINT","SURVEY_FullFOV_Transversal,SURVEY_LEFT,AI_3D_VIEW_PD_SPAIR sag linear,AI 3D_T2W_Sag,AI T1W_TSE_Cor,AI T1_TSE_tra_,AI PDW_TSE_SPAIR_Tra,"
"[Info] AI OSG rechts  Zeit",8,507,"MSK","ANKLE JOINT","SURVEY_FullFOV_Transversal,SURVEY_LEFT,AI_3D_VIEW_PD_SPAIR sag linear,AI 3D_T2W_Sag,AI T1W_TSE_Cor,AI T1_TSE_tra_,"
"[Info] AI OSG rechts  Zeit",1,465,"MSK","ANKLE JOINT","SURVEY_FullFOV_Transversal,SURVEY_LEFT,AI 3D_T2W_Sag,AI_3D_VIEW_PD_SPAIR sag linear,AI T1W_TSE_Cor,AI T1_TSE_tra_,"
"[Info] AI OSG rechts  Zeit",1,538,"MSK","ANKLE JOINT","SURVEY_FullFOV_Transversal,SURVEY_LEFT,SURVEY_LEFT,AI_3D_VIEW_PD_SPAIR sag linear,AI 3D_T2W_Sag,AI T1_TSE_tra_,AI T1W_TSE_Cor,"
"[Info] AI Vorfuss Mittelfuss links",6,488,"MSK","FOOT","SURVEY_FullFOV_Transversal,SURVEY links,SURVEY_links,AI_3D_PD_SPAIR tra,AI 3D_T2W_Tra,AI T1W_TSE_Cor,T1_TSE_tra_2mm,"
"[Info] AI OSG links Zeit",6,516,"MSK","ANKLE JOINT","SURVEY_FullFOV_Transversal,SURVEY_LEFT,AI_3D_VIEW_PD_SPAIR sag linear,AI 3D_T2W_Sag,AI T1W_TSE_Cor,AI T1_TSE_tra_,"
"[Info] AI OSG links Zeit",1,550,"MSK","ANKLE JOINT","SURVEY_FullFOV_Transversal,SURVEY_LEFT,AI_3D_VIEW_PD_SPAIR sag linear,AI 3D_T2W_Sag,AI T1W_TSE_Cor,STIR_TSE_Sag,"
"[Info] AI OSG links Zeit",1,503,"MSK","ANKLE JOINT","SURVEY_FullFOV_Transversal,SURVEY_LEFT,AI 3D_T2W_Sag,AI_3D_VIEW_PD_SPAIR sag linear,AI T1W_TSE_Cor,AI PDW_TSE_SPAIR_Tra,"
"[Info] AI OSG links Zeit",1,509,"MSK","ANKLE JOINT","SURVEY_FullFOV_Transversal,SURVEY_LEFT,AI 3D_T2W_Sag,AI_3D_VIEW_PD_SPAIR sag linear,AI T1W_TSE_Cor,AI T1_TSE_tra_,"
"[Info] AI Ellenbogen rechts Zeit Superman",1,434,"MSK","ELBOW","SURVEY_FullFOV_Transversal,SURVEY_R,AI 3D_VIEW_T2W_sag,AI PDW_TSE_SPAIR_Tra,AI T1W_TSE_Cor,AI PDW_TSE_SPAIR Cor,AI PDW_TSE_SPAIR_Sag,"
"[Info] LWS nativ SMART",1,584,"Spine","LUMBAR SPINE","SmartSpine_L,STIR_TSE_COR R-L,SenseRefScan_TSE,T2_TSE cs2,T1_TSE cs2,STIR_Cor_BH,T2W_TSE_TRA,"
"[Info] AI ISG  NEU",1,758,"MSK","SACROILIAC JOINT","SURVEY,STIR_TSE_COR,T1W_TSE_COR,T2W_TSE_COR,T2W_TSE_mSPIR_tra,STIR_Cor_BH,T2W_TSE_mSPIR_tra,"
"[Info] AI Finger rechts",1,223,"MSK","HAND","SURVEY_FullFOV_Transversal,Survey ALL,AI 5_3D_VIEW_PD_SPAIR,"
"[Info] AI Finger rechts Superman",1,400,"MSK","HAND","SURVEY_FullFOV_Transversal,Survey ALL,AI 5_3D_VIEW_PD_SPAIR,AI 5_3D_VIEW_PD_SPAIR,"
"[Info] AI Finger rechts Superman",1,603,"MSK","HAND","SURVEY_FullFOV_Transversal,Survey ALL,AI 5_3D_VIEW_PD_SPAIR,AI T1W_TSE_TRA,AI 3D_T2W_Cor,AI T1W_TSE_COR_Baender,"
"[Info] T1W Dyn",1,813,"Brain","BRAIN","SmartBrain,AI T2W_TSE_TRA,AI 3D_Flair_SAG,T1W_SE_COR,AI T2W_Haemo,DWI_og,T1W Dyn,T1W_SE_COR,"
"[Info] AI Schulter rechts SMART(1)",1,728,"MSK","SHOULDER","SmartShoulder,AI PDW_TSE_SPIR_Tra,AI 3D_T2W_Cor,PDW_TSE_SPIR_Cor,AI T1W_TSE_Cor,PDW_TSE_SPIR_Cor,AI PDW_TSE_SPIR_Sag,"
"[Info] AI Schulter rechts SMART(1)",1,701,"MSK","SHOULDER","SmartShoulder,AI PDW_TSE_SPIR_Tra,AI 3D_T2W_Cor,PDW_TSE_SPIR_Cor WIP,AI T1W_TSE_Cor,AI PDW_TSE_SPIR_Sag,PDW_TSE_SPIR_Cor WIP,"
"[Info] AI Schulter links SMART neu",1,573,"MSK","SHOULDER","SmartShoulder,AI PDW_TSE_SPIR_Tra,AI 3D_T2W_Cor,AI T1W_TSE_Cor,PDW_TSE_SPIR_Cor WIP,AI PDW_TSE_SPIR_Sag,"
"[Info] AI Schulter links SMART neu",9,510,"MSK","SHOULDER","SmartShoulder,AI PDW_TSE_SPIR_Tra,AI 3D_T2W_Cor,AI_3D PD_SPAIR,AI T1W_TSE_Cor,"
"[Info] AI Schulter links SMART neu",1,510,"MSK","SHOULDER","SmartShoulder,AI_PDW_TSE_SPIR_Tra,AI_3D_T2W_Cor,AI_3D_PD_SPAIR,AI_T1W_TSE_Cor,"
"[Info] AI Schulter links SMART neu",5,510,"MSK","SHOULDER","SmartShoulder,AI PDW_TSE_SPIR_Tra,AI_3D_ PD_SPAIR,AI 3D_T2W_Cor,AI _T1W_TSE_Cor,"
"[Info] AI Schulter links SMART neu",1,518,"MSK","SHOULDER","SmartShoulder,AI PDW_TSE_SPIR_Tra,AI_3D_ PD_SPAIR,AI_3D_ PD_SPAIR,AI 3D_T2W_Cor,AI _T1W_TSE_Cor,"
"[Info] AI Schulter links SMART neu",1,512,"MSK","SHOULDER","SmartShoulder,AI PDW_TSE_SPIR_Tra,AI_3D_ PD_SPAIR,AI _T1W_TSE_Cor,AI 3D_T2W_Cor,"
"[Info] AI Vorfuss Mittelfuss rechts",7,485,"MSK","FOOT","SURVEY_FullFOV_Transversal,SURVEY Right,SURVEY_Right,AI_3D_PD_SPAIR tra,AI 3D_T2W_Tra,AI T1W_TSE_Cor,T1_TSE_tra_2mm,"
"[Info] AI Kopf ACN SMART",1,897,"Brain","BRAIN","SmartBrain,AI 3D_Flair_SAG,AI T2W_TSE_TRA,T1W_SE_COR,DWI_og,AI T2W_3D_Drive,T2W_mDIXON_cor,AI T2W_Haemo,MF_STIR_longTE_cor,"
"[Info] AI Kopf ACN SMART",1,493,"Brain","BRAIN","SmartBrain,AI 3D_Flair_SAG,AI T2W_TSE_TRA,T1W_SE_COR,AI T2W_3D_Drive,DWI_og,"
"[Info] AI Kopf ACN SMART",1,312,"Brain","BRAIN","SmartBrain,AI_3D_Flair_SAG,T1W_SE_COR,AI T2W_3D_Drive,"
"[Info] AI Kopf ACN SMART",1,494,"Brain","BRAIN","SmartBrain,AI T2W_TSE_TRA,AI_3D_Flair_SAG,T1W_SE_COR,AI T2W_3D_Drive,DWI_og,"
"[Info] T1W_IR",1,1276,"Brain","BRAIN","SmartBrain,AI T2W_TSE_TRA,AI 3D_Flair_SAG,AI T2W_Haemo,T1W_SE_COR,DWI_og,T1W_SE_COR,AI T2W_mDIXON_cor,cs_FLAIR_T2_prep,T1W_IR,T1W_FFE,"
"[Info] AI Prostata Bodyspule",1,118,"Abdomen","PELVIS","AI PDW_TSE_SPAIR_Tra_bds,"
"[Info] AI Prostata Bodyspule",1,1127,"Abdomen","PROSTATE","SURVEY,AI T1 TSE tra,MF T2W_TSE_sag,AI T2 TSE cor,csAI_T2_TSE_ax_HR,cs_DWI_3bWerte,cs_DWI_b1500,"
"[Info] AI OS Pubis",1,725,"Abdomen","PELVIS","SURVEY,AI STIR cor,AI T1W_TSE_Cor,AI T2 3D PelvisView,PDW_TSE_SPAIR_Tra,AI_3D_VIEW_PD_SPAIR WIP,"
"[Info] AI OS Pubis",1,557,"Abdomen","PELVIS","SURVEY,AI STIR cor,AI_3D_VIEW_PD_SPAIR,AI T2 3D PelvisView,AI T1W_TSE_Cor,"
"[Info] T1W_TSE_SEMAC_Sag",1,1109,"Knee","KNEE","SmartKnee,SenseRefScan_TSE,STIR_SEMAC_Sag,T2W_TSE_SEMAC_Sag,STIR_SEMAC_Tra,T1W_TSE_SEMAC_Sag,"
"[Info] AI Kopf Hypophyse",1,584,"Brain","BRAIN","SmartBrain,AI 3D_Flair_SAG,AI T2W_TSE_2.5mm_sag,T1W_SE_sag,T1W_SE_COR,T1W_3D_TFE,"
"[Info] AI Schulter rechts SMART neu",1,12,"MSK","SHOULDER","SmartShoulder,"
"[Info] AI Schulter rechts SMART neu",6,512,"MSK","SHOULDER","SmartShoulder,AI PDW_TSE_SPIR_Tra,AI 3D_T2W_Cor,AI_3D PD_SPAIR,AI T1W_TSE_Cor,"
"[Info] AI Schulter rechts SMART neu",2,509,"MSK","SHOULDER","SmartShoulder,AI_PDW_TSE_SPIR_Tra,AI_3D_T2W_Cor,AI_3D PD_SPAIR,AI_T1W_TSE_Cor,"
"[Info] AI Schulter rechts SMART neu",6,525,"MSK","SHOULDER","SmartShoulder,AI_PDW_TSE_SPIR_Tra,AI_3D PD_SPAIR,AI_3D_T2W_Cor,AI_T1W_TSE_Cor,"
"[Info] AI Schulter rechts SMART neu",1,537,"MSK","SHOULDER","SmartShoulder,AI_PDW_TSE_SPIR_Tra,AI_3D PD_SPAIR,AI_3D_T2W_Cor,AI_T1W_TSE_Cor,AI_T1W_TSE_Cor,"
"[Info] Smart AI LWS nativ fast",1,441,"Spine","CERVICAL SPINE","SmartSpine_C,T1W_TSE_SAG,T2W_TSE_TRA,T1W_TSE_sag,T1W_TSE_sag,"
"[Info] Smart AI LWS nativ fast",12,583,"Spine","LUMBAR SPINE","SmartSpine_L,MF_STIR_cor,SenseRefScan_TSE,T2_TSE cs2,T1_TSE cs2,T2W_TSE_TRA,"
"[Info] Smart AI LWS nativ fast",1,767,"Spine","LUMBAR SPINE","SmartSpine_L,MF_STIR_cor,SenseRefScan_TSE,T2_TSE cs2,T1_TSE cs2,T2W_TSE_TRA,T2W_TSE_SPIR,"
"[Info] Smart AI LWS nativ fast",3,619,"Spine","LUMBAR SPINE","SmartSpine_L,SenseRefScan_TSE,T2_TSE cs2,MF_STIR_cor,T1_TSE cs2,T2W_TSE_TRA,"
"[Info] Smart AI LWS nativ fast",3,703,"Spine","LUMBAR SPINE","SmartSpine_L,SenseRefScan_TSE,T2_TSE cs2,MF_STIR_cor,T1_TSE cs2,AI MYElO 3D,T2W_TSE_TRA,"
"[Info] Smart AI LWS nativ fast",3,645,"Spine","LUMBAR SPINE","SmartSpine_L,SenseRefScan_TSE,T2_TSE cs2,MF_STIR_cor,SenseRefScan_TSE,T1_TSE cs2,T2W_TSE_TRA,"
"[Info] Smart AI LWS nativ fast",1,683,"Spine","LUMBAR SPINE","SmartSpine_L,MF_STIR_cor,SenseRefScan_TSE,T2_TSE cs2,T1_TSE cs2,T2W_TSE_TRA,AI T1W_TSE_Cor,"
"[Info] Smart AI LWS nativ fast",2,619,"Spine","LUMBAR SPINE","SmartSpine_L,MF_STIR_cor,SenseRefScan_TSE,T2_TSE cs2,T1_TSE cs2,AI MYElO 3D,T2W_TSE_TRA,"
"[Info] Smart AI LWS nativ fast",1,770,"Spine","LUMBAR SPINE","SmartSpine_L,MF_STIR_cor,SenseRefScan_TSE,T2_TSE cs2,T1_TSE cs2,AI MYElO 3D,T2W_TSE_TRA,STIR_TSE_Sag,"
"[Info] Smart AI LWS nativ fast",1,180,"Body","LARYNX","T1W VISTA BB,"
"[Info] Smart AI LWS nativ fast",1,533,"Spine","LUMBAR SPINE","SmartSpine_L,MF_STIR_cor,SenseRefScan_TSE,SenseRefScan_TSE,T2_TSE cs2,T1_TSE cs2,T2W_TSE_TRA,"
"[Info] Smart AI LWS nativ fast",1,602,"Spine","LUMBAR SPINE","SmartSpine_L,SmartSpine_L,SmartSpine_L,MF_STIR_cor,SenseRefScan_TSE,T2_TSE cs2,T1_TSE cs2,T2W_TSE_TRA,"
"[Info] AI Abdomen neu 10 2022",1,1239,"Abdomen","ABDOMEN","SURVEY,SURVEY,STIR_Cor_BH,T2W_TSE_Cor,T2 MF tra,T2 MF tra,T2 MF SPR tra,T2 MF SPR tra,mDIXON_all,mDIXON_all,cs DWI_2b RT,cs DWI_2b,"
"[Info] AI Abdomen neu 10 2022",1,1474,"Abdomen","ABDOMEN","SURVEY,STIR_Cor_BH,T2W_TSE_Cor,T2 MF tra,T2 MF tra,T2 MF SPR tra,T2 MF SPR tra,mDIXON_all,mDIXON_all,cs DWI_2b RT,cs DWI_2b,"
"[Info] AI Abdomen neu 10 2022",1,1098,"Abdomen","ABDOMEN","SURVEY,SURVEY,STIR_Cor_BH,T2W_TSE_Cor,T2 MF tra,T2 MF tra,mDIXON_all,mDIXON_all,cs DWI_2b RT,cs DWI_2b,mDIXON_W_IP_KM,mDIXON_W_IP_KM,T1 BH cor KM,mDIXON-W_Cor_KM,"
"[Info] AI Abdomen neu 10 2022",1,22,"Abdomen","ABDOMEN","SURVEY,"
"[Info] SWIp_fast",1,796,"Brain","BRAIN","SmartBrain,AI 3D_Flair_SAG,T1W_SE_COR,AI T2W_3D_Drive,DWI_og,AI T2W_Haemo,AI T2W_TSE_TRA,SWIp_fast,"
"[Info] AI Becken Knoechern",2,503,"Abdomen","PELVIS","SURVEY,AI STIR cor,AI T1W_TSE_Cor,AI T2 3D PelvisView,PDW_TSE_SPAIR_Tra,"
"[Info] AI Becken Knoechern",1,671,"Abdomen","PELVIS","SURVEY,AI STIR cor,AI T2 3D PelvisView,AI T1W_TSE_Cor,PDW_TSE_mSPIR_Cor,PDW_TSE_SPAIR_Tra,"
"[Info] AI Becken Knoechern",1,687,"Abdomen","PELVIS","SURVEY,AI STIR cor,AI T2 3D PelvisView,AI T1W_TSE_Cor,PDW_TSE_SPAIR_Tra,PDW_TSE_mSPIR_Cor,"
"[Info] AI Becken Knoechern",1,525,"Abdomen","PELVIS","SURVEY,AI STIR cor,AI T2 3D PelvisView,AI T1W_TSE_Cor,PDW_TSE_SPAIR_Tra,"
"[Info] AI Becken Knoechern",1,442,"Abdomen","PELVIS","SURVEY,AI PDW_TSE_mSPIR_Cor,AI T2 3D PelvisView,AI T1W_TSE_Cor,PDW_TSE_SPAIR_Tra,"
"[Info] AI Handgelenk rechts  Zeit",5,604,"MSK","HAND","Q_SURVEY_FullFOV_Transversal,Q_SURVEY_Rechts,AI 5_3D_VIEW_PD_SPAIR,AI 3D_T2W_Cor,T1W_TSE_Cor,PDW_TSE_SPAIR_Tra,"
"[Info] AI Handgelenk rechts  Zeit",1,776,"MSK","HAND","Q_SURVEY_FullFOV_Transversal,Q_SURVEY_Rechts,Q_SURVEY_FullFOV_Transversal,Q_SURVEY_Rechts,AI 5_3D_VIEW_PD_SPAIR,AI 3D_T2W_Cor,AI 5_3D_VIEW_PD_SPAIR,T1W_TSE_Cor,PDW_TSE_SPAIR_Tra,"
"[Info] AI Handgelenk rechts  Zeit",1,811,"MSK","HAND","Q_SURVEY_FullFOV_Transversal,Q_SURVEY_Rechts,AI 5_3D_VIEW_PD_SPAIR,AI 3D_T2W_Cor,T1W_TSE_Cor,PDW_TSE_SPAIR_Tra,AI 5_3D_VIEW_PD_SPAIR,"
"[Info] AI Handgelenk rechts  Zeit",1,595,"MSK","HAND","Q_SURVEY_FullFOV_Transversal,Q_SURVEY_Rechts,AI 5_3D_VIEW_PD_SPAIR,T1W_TSE_Cor,AI 3D_T2W_Cor,PDW_TSE_SPAIR_Tra,"
"[Info] AI Handgelenk rechts  Zeit",1,624,"MSK","HAND","Q_SURVEY_FullFOV_Transversal,Q_SURVEY_Rechts,Q_SURVEY_FullFOV_Transversal,Q_SURVEY_Rechts,AI 5_3D_VIEW_PD_SPAIR,AI 3D_T2W_Cor,T1W_TSE_Cor,PDW_TSE_SPAIR_Tra,"
"[Info] AI Handgelenk rechts  Zeit",1,705,"MSK","HAND","Q_SURVEY_FullFOV_Transversal,Q_SURVEY_Rechts,AI 5_3D_VIEW_PD_SPAIR,AI 3D_T2W_Cor,T1W_TSE_Cor,PDW_TSE_SPAIR_Tra,T1W_TSE_SPIR_Tra,"
"[Info] HWT",1,845,"Body","LARYNX","SURVEY_bFFE,STIR_longTE cor,T1W_TSE cor,T2W_MVXD_Sag,T2 Dixon TRA,"
"[Info] AI Prostata Bodyspule WIP",1,1325,"Abdomen","PROSTATE","SURVEY,AI T1 TSE tra,MF T2W_TSE_sag,AI T2 TSE cor,csAI_T2_TSE_ax_HR,cs_DWI_3bWerte,cs_DWI_b1500,AI STIR cor,PDW_TSE_SPAIR_Tra,"
"[Info] AI Prostata Bodyspule WIP",6,1158,"Abdomen","PROSTATE","SURVEY,AI T1 TSE tra,MF T2W_TSE_sag,AI T2 TSE cor,csAI_T2_TSE_ax_HR,cs_DWI_3bWerte,cs_DWI_b1500,"
"[Info] AI Prostata Bodyspule WIP",2,511,"Abdomen","PROSTATE","SURVEY,AI T1 TSE tra,MF T2W_TSE_sag,AI T2 TSE cor,csAI_T2_TSE_ax_HR,"
"[Info] AI Finger links  Superman",1,542,"MSK","HAND","SURVEY_FullFOV_Transversal,Survey ALL,AI T1W_TSE_TRA,AI 5_3D_VIEW_PD_SPAIR,AI 3D_T2W_Cor,AI T1W_TSE_Sag_Sehne,"
"[Info] Kopf Zusatz",1,591,"Brain","BRAIN","SmartBrain,AI T2W_TSE_TRA,AI 3D_Flair_SAG,T1W_SE_COR,AI T2W_Haemo,DWI_og,AI T2W_TSE_Sag,"
"[Info] Kopf Zusatz",1,555,"Brain","BRAIN","SmartBrain,AI 3D_Flair_SAG,T1W_SE_sag,T1W_SE_COR,AI T2W_TSE_2.5mm_cor,AI T2W_TSE_2.5mm_sag,"
"[Info] CS 10 2022 gesamte Wirbelsaeule(1)",1,202,"Brain","BRAIN","SmartBrain,AI T2W_TSE_TRA,AI 3D_Flair_SAG,"
"[Info] AI Achillessehne rechts",1,505,"MSK","ANKLE JOINT","SURVEY_FullFOV_Transversal,SURVEY_Rechts,AI T1W_TSE_Sag,AI_3D_VIEW_PD_SPAIR sag linear,AI 3D_T2W_Sag,AI T1_TSE_tra_,"
"[Info] AI Achillessehne rechts",2,564,"MSK","ANKLE JOINT","SURVEY_FullFOV_Transversal,SURVEY_Rechts,AI_3D_VIEW_PD_SPAIR sag linear,AI 3D_T2W_Sag,AI T1W_TSE_Sag,AI PDW_TSE_SPAIR_Tra,"
"[Info] AI Ellenbogen links Zeit Superman",1,501,"MSK","ELBOW","SURVEY_FullFOV_Transversal,SURVEY_R,SURVEY_R,AI T1W_TSE_Cor,AI 3D_VIEW_T2W_sag,AI 5_3D_VIEW_PD_SPAIR,AI PDW_TSE_SPAIR_Tra,SURVEY_FullFOV_Transversal,SURVEY_FullFOV_Transversal,SURVEY_Rec,"
"[Info] Smart Speed 10 2022 Becken Huefte TEP",1,592,"Abdomen","PELVIS","SURVEY,SenseRefScan_TSE,CS_T2W_TSE_SEMAC_Cor,AI T1W_TSE_cor,AI OMARSTIR_TSE_Cor,SenseRefScan_TSE,AI OMAR  STIR_TSE_tra,"
"[Info] AI Huefte",1,541,"Abdomen","PELVIS","SURVEY,SURVEY,AI T1W_TSE_Cor 3mm,AI_3D_VIEW_PD_SPAIR,AI 3D_VIEW_T2W cor,AI PDW_TSE_mSPIR_Cor,"
"[Info] AI Huefte",1,657,"Abdomen","PELVIS","SURVEY,AI T1W_TSE_Cor 3mm,AI PDW_TSE_mSPIR_Cor,AI_3D_VIEW_PD_SPAIR,AI 3D_VIEW_T2W cor,MF T2W_TSE_sag,"
"[Info] AI Huefte",1,532,"Abdomen","PELVIS","SURVEY,AI PDW_TSE_mSPIR_Cor,AI T1W_TSE_Cor 3mm,AI_3D_VIEW_PD_SPAIR,AI 3D_VIEW_T2W cor,"
"[Info] Becken knoechern 2021",1,536,"Abdomen","PELVIS","SURVEY,AI T1W_TSE_Cor 3mm,AI PDW_TSE_mSPIR_Cor,cs3D_VIEW_T2W cor,AI_3D_VIEW_PD_SPAIR,"
"[Info] AI Kopf nativ VOLUMEN",1,461,"Brain","BRAIN","SmartBrain,AI T2W_TSE_TRA,AI 3D_Flair_SAG,AI T1W_3D_TFE SAG,AI T2W_Haemo,DWI_og,"
"[Info] AI Kopf nativ VOLUMEN",1,445,"Brain","BRAIN","SmartBrain,AI_3D_Flair_SAG,AI _T1W_3D_TFE SAG,AI_T2W_TSE_TRA,AI_T2W_Haemo,DWI_og,"
"[Info] AI Kopf nativ VOLUMEN",2,462,"Brain","BRAIN","SmartBrain,AI_3D_Flair_SAG,AI _T1W_3D_TFE SAG,AI _T2W_TSE_TRA,AI _T2W_Haemo,DWI_og,"
"[Info] AI Sterno-Clavicular-Gelenk bds. Atemgurt",1,658,"MSK","STERNOCLAVICULAR JOINT","SURVEY_bFFE,SURVEY_bFFE,STIR_Cor_BH_3mm,AI T1W_TSE cor,3D_Vane_XD,3D_Vane_XD,MF_T2 TSE_Sag,3D_Vane_XD,T2 MF tra,"
"[Info] AI Achillessehne links",3,552,"MSK","ANKLE JOINT","SURVEY_FullFOV_Transversal,SURVEY_LEFT,AI T1W_TSE_Sag,AI_3D_VIEW_PD_SPAIR sag linear,AI 3D_T2W_Sag,AI PDW_TSE_SPAIR_Tra,"
"[Info] AI HWT",1,4,"Body","LARYNX","SURVEY_bFFE,"
"[Info] AI HWT",1,690,"Body","LARYNX","SURVEY_bFFE,MF_T2 TSE_Sag,STIR_longTE Cor,MF_T1 TSE_cor,T2 Dixon TRA,"
"[Info] AI HWT",1,842,"Body","LARYNX","SURVEY_bFFE,STIR_longTE Cor,MF_T1 TSE_cor,T2 Dixon TRA,MF_T2 TSE_Sag,"
"[Info] B10:MS,SE,30",1,4,"Brain","HEAD","SCOUT,"
"[Info] H37:9,40",2,39,"Brain","HEAD","SCOUT,H37940,"
"[Info] Smart neu HWS BWS Gesamt",1,869,"Spine","SPINE","SUR 3D,SUR 3D,T2_TSE_SAG,T1_TSE_SAG,STIR_TSE_SAG,AI T2W_TSE_TRA C2-TH3,"
"[Info] AI Carotisangio",1,549,"Body","LARYNX","SURVEY_bFFE,PCA_Carotis_Survey,AI 3D_Carotis,2D_BOLUSTRAK,T1W VISTA BB,"
"[Info] BBA mDixonMRA 4St",1,832,"Abdomen","PELVIS","SURVEY_MobiFlex,SURVEY_MobiFlex,mDIXON_MRA_Fuss,mDIXON_MRA_US,mDIXON_MRA_OS,mDIXON_MRA_Becken,2D_BOLUSTRAK,"
"[Info] NNH",1,656,"MSK","MASTOID BONE","SmartBrain,T1W_3D_TFE,DWI_og,STIR_TSE_COR,T2W_MV_XD_tra,T2W_MV_XD_sag,"
"[Info] HWT nativ",1,754,"Body","LARYNX","SURVEY_bFFE,STIR_longTE cor,T1W_TSE cor,T2W_MVXD_Sag,T2 Dixon TRA,"
"[Info] Kopf Orbita SMART",1,914,"Brain","BRAIN","SmartBrain,3D_Flair_SAG,T1W_SE_COR,T2W_mDIXON_cor,T1W_SE_COR fs,T2W_TSE_tra,"
"[Info] Smart neu BWS_LWS_nativ",1,1932,"Spine","SPINE","SUR 3D,T2W_TSE,T2W_TSE,T1W TSE,T1W TSE,T2W_TSE_TRA_BWS TH6-12,STIR_TSE_COR,STIR_TSE_COR,T2W_TSE_TRA,STIR_TSE_Sag,STIR_TSE_sag,"
