﻿Before First Use: Scan Sequence

Exam card Name,Exam Count,Scan Time (seconds),Estimated Scan Time Aggressive (seconds),Estimated Scan Time Moderate (seconds),Anatomic Group,Anatomic Region,ScanSequence
"Knie rechts SMART Zeit",158,522,150,195,"Knee","KNEE","SmartKnee,3D_PD_SPAIR,T2W_TSE_Sag,T1W_TSE_cor,PDW_TSE_SPIR_Tra,"
"Knie rechts SMART Zeit",1,831,539,571,"Knee","KNEE","SmartKnee,3D_PD_SPAIR,T2W_TSE_Sag,SenseRefScan_TSE,SenseRefScan_TSE,PDW_TSE_MARS_Cor,PDW_TSE_MARS_Cor,T1W_TSE_cor,MARS_PDW_TSE_SPIR_Tra,"
"Knie rechts SMART Zeit",25,548,158,205,"Knee","KNEE","SmartKnee,3D_PD_SPAIR,PDW_TSE_SPIR_Tra,T1W_TSE_cor,T2W_TSE_Sag,"
"Knie rechts SMART Zeit",2,545,157,203,"Knee","KNEE","SmartKnee,3D_PD_SPAIR,T2W_TSE_Sag,PDW_TSE_SPIR_Tra,T1W_TSE_cor,"
"Knie rechts SMART Zeit",1,892,322,401,"Knee","KNEE","SmartKnee,3D_PD_SPAIR,T2W_TSE_Sag,T1W_TSE_cor,PDW_TSE_SPIR_Tra,STIR_TSE cor,STIR_TSE tra,"
"Knie rechts SMART Zeit",2,585,167,221,"Knee","KNEE","SmartKnee,3D_PD_SPAIR,T2W_TSE_Sag,T1W_TSE_cor,PDW_TSE_SPIR_Tra,T1W_TSE_cor,"
"Knie rechts SMART Zeit",1,670,195,260,"Knee","KNEE","SmartKnee,3D_PD_SPAIR,T2W_TSE_Sag,T1W_TSE_cor,T1W_TSE_cor,T2W_TSE_Sag,PDW_TSE_SPIR_Tra,"
"Knie rechts SMART Zeit",1,703,190,240,"Knee","KNEE","SmartKnee,3D_PD_SPAIR,T2W_TSE_Sag,T1W_TSE_cor,PDW_TSE_SPIR_Tra,SURVEY,SURVEY,cs3D_VIEW_T2W cor,"
"Knie rechts SMART Zeit",1,496,143,184,"Knee","KNEE","SmartKnee,3D_PD_SPAIR,T1W_TSE_cor,T2W_TSE_Sag,PDW_TSE_SPIR_Tra,"
"Knie rechts SMART Zeit",1,754,222,297,"Knee","KNEE","SmartKnee,3D_PD_SPAIR,T2W_TSE_Sag,T1W_TSE_cor,PDW_TSE_SPIR_Tra,T1W_TSE_tra,"
"Knie rechts SMART Zeit",1,885,572,607,"Knee","KNEE","SmartKnee,3D_PD_SPAIR,PDW_TSE_SPIR_Tra,SenseRefScan_TSE,MARS_PDW_TSE_SPIR_Tra,PDW_TSE_MARS_Cor 3.5mm,T1W_TSE_cor,T2W_TSE_Sag,"
"Knie rechts SMART Zeit",1,510,219,271,"Knee","KNEE","SmartKnee,T1W_TSE_cor,PDW_TSE_SPIR_Cor,PDW_TSE_SPIR_Tra 4mm,"
"Knie rechts SMART Zeit",1,21,21,21,"Knee","KNEE","SmartKnee,SmartShoulder,"
"Knie rechts SMART Zeit",1,530,152,198,"Knee","KNEE","SmartKnee,3D_PD_SPAIR,T2W_TSE_Sag,T1W_TSE_cor,PDW_TSE_SPIR_Tra 4mm,"
"Knie rechts SMART Zeit",1,1036,302,399,"Knee","KNEE","SmartKnee,3D_PD_SPAIR,STIR_TSE sag,3D_T2W_cor,STIR_TSE cor,T1W_TSE_cor,DUAL_TSE_SAG,T1W_TSE_sag,"
"Knie links SMART Zeit",121,528,152,198,"Knee","KNEE","SmartKnee,3D_PD_SPAIR,T2W_TSE_Sag,T1W_TSE_cor,PDW_TSE_SPIR_Tra,"
"Knie links SMART Zeit",1,821,449,494,"Knee","KNEE","SmartKnee,3D_PD_SPAIR,T2W_TSE_Sag,T1W_TSE_cor,PDW_TSE_SPIR_Tra,SenseRefScan_TSE,PDW_TSE_MARS_Cor,"
"Knie links SMART Zeit",30,547,158,205,"Knee","KNEE","SmartKnee,3D_PD_SPAIR,PDW_TSE_SPIR_Tra,T1W_TSE_cor,T2W_TSE_Sag,"
"Knie links SMART Zeit",1,552,162,207,"Knee","KNEE","SmartKnee,SmartKnee,3D_PD_SPAIR,T2W_TSE_Sag,T1W_TSE_cor,PDW_TSE_SPIR_Tra,"
"Knie links SMART Zeit",1,727,175,230,"Knee","KNEE","SmartKnee,3D_PD_SPAIR,T2W_TSE_Sag,T1W_TSE_cor,PDW_TSE_SPIR_Tra,3D_PD_SPAIR,"
"Knie links SMART Zeit",1,580,167,217,"Knee","KNEE","SmartKnee,3D_PD_SPAIR,PDW_TSE_SPIR_Tra 3.5mm,T1W_TSE_cor,T2W_TSE_Sag,"
"Knie links SMART Zeit",2,789,261,331,"Knee","KNEE","SmartKnee,3D_PD_SPAIR,PDW_TSE_SPIR_Tra,T1W_TSE_cor,T2W_TSE_Sag,PDW_TSE_SPIR_Tra,"
"Knie links SMART Zeit",1,780,531,552,"Knee","KNEE","SmartKnee,3D_PD_SPAIR,SenseRefScan_TSE,MARS_PDW_TSE_SPIR_Tra,PDW_TSE_MARS_Cor,T2W_TSE_Sag,"
"Knie links SMART Zeit",1,907,280,373,"Knee","KNEE","SmartKnee,3D_PD_SPAIR,PDW_TSE_SPIR_Tra,T1W_TSE_cor,T2W_TSE_Sag,T1W_TSE_Tra_KM,T1W_TSE_Sag_KM,T1W_TSE_SPIR_Tra_KM,"
"Knie links SMART Zeit",1,677,287,356,"Knee","KNEE","SmartKnee,T2W_TSE_Sag,STIR_TSE cor,T1W_TSE_cor,STIR_TSE sag,STIR_TSE tra,"
"Knie links SMART Zeit",2,683,224,284,"Knee","KNEE","SmartKnee,3D_PD_SPAIR,T2W_TSE_Sag,T1W_TSE_cor,PDW_TSE_SPIR_Tra,PDW_TSE_SPIR_Tra,"
"Knie links SMART Zeit",1,740,246,312,"Knee","KNEE","SmartKnee,3D_PD_SPAIR,T2W_TSE_Sag,T1W_TSE_cor,PDW_TSE_SPIR_Tra,T1W_TSE_cor,PDW_TSE_SPIR_Tra,"
"Knie links SMART Zeit",1,552,158,207,"Knee","KNEE","SmartKnee,3D_PD_SPAIR,T2W_TSE_Sag,T1W_TSE_cor,T1W_TSE_cor,PDW_TSE_SPIR_Tra,"
"Knie links SMART Zeit",1,719,298,371,"Knee","KNEE","SmartKnee,3D_PD_SPAIR,T2W_TSE_Sag,T1W_TSE_cor,STIR_TSE sag,STIR_TSE cor,STIR_TSE tra 4mm,"
"Knie links SMART Zeit",1,593,176,226,"Knee","KNEE","SmartKnee,3D_PD_SPAIR,T2W_TSE_Sag,T1W_TSE_cor,STIR_TSE tra,"
"Knie links SMART Zeit",1,523,150,195,"Knee","KNEE","SmartKnee,3D_PD_SPAIR,T2W_TSE_Sag,T1W_TSE_cor,PDW_TSE_SPIR_Tra 4 mm,"
"Knie links SMART Zeit",1,522,150,195,"Knee","KNEE","SmartKnee,3D_PD_SPAIR,T2W_TSE_Sag,T1W_TSE_cor,PDW_TSE_SPIR_Tra 3.5,"
"Kopf nativ SMART",1,1109,417,488,"Brain","BRAIN","SmartBrain,SmartBrain,T2W_TSE_TRA,SURVEY_PCA,3D_Flair_SAG,cs_3DI_MC_TOF,T2W_3D_DRIVE(ciss),T1W_SE_COR,B0_PreScan,DWI_og,T2W_Haemo,"
"Kopf nativ SMART",11,942,504,560,"Brain","BRAIN","SmartBrain,T2W_TSE_TRA,3D_Flair_SAG,T1W_SE_COR,B0_PreScan,DWI_og,T2W_Haemo,T1W_3D_TFE fs KM,T1W_SE_COR_KM,"
"Kopf nativ SMART",1,657,297,321,"Brain","BRAIN","SmartBrain,T2W_TSE_TRA,3D_Flair_SAG,T1W_SE_COR,3D_Flair_SAG,B0_PreScan,DWI_og,"
"Kopf nativ SMART",2,936,500,556,"Brain","BRAIN","SmartBrain,T2W_TSE_TRA,3D_Flair_SAG,T1W_SE_COR,B0_PreScan,DWI_og,T2W_Haemo,T2W_Haemo,T1W_3D_TFE fs KM,T1W_SE_COR_KM,"
"Kopf nativ SMART",2,785,330,370,"Brain","BRAIN","SmartBrain,T2W_TSE_TRA,SURVEY_PCA,3D_Flair_SAG,cs_3DI_MC_TOF,T1W_SE_COR,B0_PreScan,DWI_og,"
"Kopf nativ SMART",152,617,328,371,"Brain","BRAIN","SmartBrain,T2W_TSE_TRA,3D_Flair_SAG,T1W_SE_COR,B0_PreScan,DWI_og,T2W_Haemo,"
"Kopf nativ SMART",1,811,452,483,"Brain","BRAIN","SmartBrain,T2W_TSE_TRA,3D_Flair_SAG,T1W_SE_COR,B0_PreScan,DWI_og,T1W_3D_TFE fs KM,T1W_SE_COR_KM,"
"Kopf nativ SMART",1,638,180,231,"Brain","BRAIN","SmartBrain,T2W_TSE_TRA,3D_Flair_SAG,T1W_3D_TFE,B0_PreScan,DWI_og,T2W_mDIXON_cor,"
"Kopf nativ SMART",1,929,497,552,"Brain","BRAIN","SmartBrain,T2W_TSE_TRA,3D_Flair_SAG,T1W_SE_COR,B0_PreScan,DWI_og,T1W_3D_TFE fs KM,T1W_SE_COR_KM,T2W_Haemo,"
"Kopf nativ SMART",1,577,172,222,"Brain","BRAIN","SmartBrain,T2W_TSE_TRA,T1W_3D_TFE,3D_Flair_SAG,T2W_Haemo,DWI_og,"
"Kopf nativ SMART",6,495,280,299,"Brain","BRAIN","SmartBrain,T2W_TSE_TRA,3D_Flair_SAG,T1W_SE_COR,B0_PreScan,DWI_og,"
"Kopf nativ SMART",6,747,339,385,"Brain","BRAIN","SmartBrain,T2W_TSE_TRA,3D_Flair_SAG,T1W_SE_COR,T2W_3D_DRIVE(ciss),B0_PreScan,DWI_og,T2W_Haemo,"
"Kopf nativ SMART",1,805,310,353,"Brain","BRAIN","SmartBrain,T2W_TSE_TRA,3D_Flair_SAG,T1W_3D_TFE,B0_PreScan,DWI_og,T1W_3D_TFE fs KM,T1W_SE_COR_KM,"
"Kopf nativ SMART",3,622,317,354,"Brain","BRAIN","SmartBrain,T2W_TSE_TRA,3D_Flair_SAG,T1W_SE_COR,T2W_TSE_2.5mm_sag,B0_PreScan,DWI_og,"
"Kopf nativ SMART",1,675,253,306,"Brain","BRAIN","SmartBrain,T2W_TSE_TRA,3D_Flair_SAG,T1W_3D_TFE,B0_PreScan,DWI_og,T2W_Haemo,SmartBrain,B0_PreScan,DWI_og,"
"Kopf nativ SMART",1,607,185,238,"Brain","BRAIN","SmartBrain,T2W_TSE_TRA,T1W_3D_TFE,3D_Flair_SAG,T2W_Haemo,B0_PreScan,DWI_og,"
"Kopf nativ SMART",4,722,357,414,"Brain","BRAIN","SmartBrain,T2W_TSE_TRA,3D_Flair_SAG,T1W_SE_COR,T2W_TSE_2.5mm_sag,B0_PreScan,DWI_og,T2W_Haemo,"
"Kopf nativ SMART",2,905,376,440,"Brain","BRAIN","SmartBrain,T2W_TSE_TRA,3D_Flair_SAG,SURVEY_PCA,T1W_SE_COR,cs_3DI_MC_TOF,B0_PreScan,DWI_og,T2W_Haemo,"
"Kopf nativ SMART",1,1033,389,457,"Brain","BRAIN","SmartBrain,T2W_TSE_TRA,SURVEY_PCA,3D_Flair_SAG,T1W_SE_COR,cs_3DI_MC_TOF,T2W_3D_DRIVE(ciss),B0_PreScan,DWI_og,T2W_Haemo,"
"Kopf nativ SMART",3,624,294,317,"Brain","BRAIN","SmartBrain,T2W_TSE_TRA,3D_Flair_SAG,T1W_SE_COR,T2W_3D_DRIVE(ciss),B0_PreScan,DWI_og,"
"Kopf nativ SMART",8,603,184,237,"Brain","BRAIN","SmartBrain,T2W_TSE_TRA,3D_Flair_SAG,T1W_3D_TFE,B0_PreScan,DWI_og,T2W_Haemo,"
"Kopf nativ SMART",1,986,340,408,"Brain","BRAIN","SmartBrain,T2W_TSE_TRA,SURVEY_PCA,3D_Flair_SAG,T1W_SE_COR,cs_3DI_MC_TOF,T2W_3D_DRIVE(ciss),T2W_Haemo,"
"Kopf nativ SMART",3,492,141,171,"Brain","BRAIN","SmartBrain,T2W_TSE_TRA,3D_Flair_SAG,T1W_3D_TFE,B0_PreScan,DWI_og,"
"Kopf nativ SMART",1,1092,500,552,"Brain","BRAIN","SmartBrain,T2W_TSE_TRA,3D_Flair_SAG,T1W_SE_COR,B0_PreScan,DWI_og,SURVEY_PCA,cs_3DI_MC_TOF,T1W_3D_TFE fs KM,T1W_SE_COR_KM,"
"Kopf nativ SMART",1,922,345,391,"Brain","BRAIN","SmartBrain,T2W_TSE_TRA,SURVEY_PCA,3D_Flair_SAG,cs_3DI_MC_TOF,T2W_3D_DRIVE(ciss),T1W_SE_COR,B0_PreScan,DWI_og,"
"Kopf nativ SMART",2,613,326,368,"Brain","BRAIN","SmartBrain,T2W_TSE_TRA,T2W_Haemo,3D_Flair_SAG,B0_PreScan,DWI_og,T1W_SE_COR,"
"Kopf nativ SMART",6,917,380,443,"Brain","BRAIN","SmartBrain,SURVEY_PCA,T2W_TSE_TRA,3D_Flair_SAG,cs_3DI_MC_TOF,T1W_SE_COR,B0_PreScan,DWI_og,T2W_Haemo,"
"Kopf nativ SMART",32,607,327,368,"Brain","BRAIN","SmartBrain,T2W_TSE_TRA,3D_Flair_SAG,T1W_SE_COR,T2W_Haemo,B0_PreScan,DWI_og,"
"Kopf nativ SMART",1,607,311,346,"Brain","BRAIN","SmartBrain,T2W_TSE_TRA,3D_Flair_SAG,T2W_TSE_2.5mm_sag,T1W_SE_COR,B0_PreScan,DWI_og,"
"Kopf nativ SMART",1,902,233,309,"Brain","BRAIN","SmartBrain,T2W_TSE_TRA,SURVEY_PCA,T1W_3D_TFE,cs_3DI_MC_TOF,3D_Flair_SAG,T2W_Haemo,DWI_og,"
"Kopf nativ SMART",2,639,346,389,"Brain","BRAIN","SmartBrain,SmartBrain,T2W_TSE_TRA,3D_Flair_SAG,T1W_SE_COR,B0_PreScan,DWI_og,T2W_Haemo,"
"Kopf nativ SMART",2,804,379,448,"Brain","BRAIN","SmartBrain,T2W_TSE_TRA,3D_Flair_SAG,T1W_SE_COR,B0_PreScan,DWI_og,T2W_mDIXON_cor,T2W_Haemo,"
"Kopf nativ SMART",1,561,266,301,"Brain","BRAIN","SmartBrain,T2W_TSE_TRA,3D_Flair_SAG,T2W_TSE_2.5mm_sag,T1W_SE_sag,"
"Kopf nativ SMART",1,900,377,440,"Brain","BRAIN","SmartBrain,T2W_TSE_TRA,3D_Flair_SAG,T1W_SE_COR,B0_PreScan,DWI_og,T2W_Haemo,SURVEY_PCA,cs_3DI_MC_TOF,"
"Kopf nativ SMART",1,572,249,291,"Brain","BRAIN","SmartBrain,T2W_TSE_TRA,3D_Flair_SAG,T2W_TSE_2.5mm_sag,T1W_SE_COR,"
"Kopf nativ SMART",4,900,375,438,"Brain","BRAIN","SmartBrain,T2W_TSE_TRA,SURVEY_PCA,3D_Flair_SAG,cs_3DI_MC_TOF,T1W_SE_COR,B0_PreScan,DWI_og,T2W_Haemo,"
"Kopf nativ SMART",2,793,332,373,"Brain","BRAIN","SmartBrain,T2W_TSE_TRA,SURVEY_PCA,3D_Flair_SAG,T1W_SE_COR,cs_3DI_MC_TOF,B0_PreScan,DWI_og,"
"Kopf nativ SMART",1,1094,635,687,"Brain","BRAIN","SmartBrain,T2W_TSE_TRA,3D_Flair_SAG,T1W_SE_COR,T2W_mDIXON_cor,B0_PreScan,DWI_og,T1W_3D_TFE fs KM,T1W_SE_COR fs KM,"
"Kopf nativ SMART",1,779,363,410,"Brain","BRAIN","SmartBrain,T2W_TSE_TRA,3D_Flair_SAG,T1W_SE_COR,3D_Flair_SAG,T2W_Haemo,B0_PreScan,DWI_og,"
"Kopf nativ SMART",1,1034,389,457,"Brain","BRAIN","SmartBrain,SURVEY_PCA,T2W_TSE_TRA,3D_Flair_SAG,T1W_SE_COR,T2W_3D_DRIVE(ciss),cs_3DI_MC_TOF,B0_PreScan,DWI_og,T2W_Haemo,"
"Kopf nativ SMART",1,763,368,430,"Brain","BRAIN","SmartBrain,T2W_TSE_TRA,3D_Flair_SAG,T1W_SE_COR,B0_PreScan,DWI_og,T2W_Haemo,T2W_mDIXON_cor,"
"Kopf nativ SMART",3,731,360,418,"Brain","BRAIN","SmartBrain,T2W_TSE_TRA,3D_Flair_SAG,T1W_SE_COR,B0_PreScan,DWI_og,T2W_Haemo,T2W_TSE_2.5mm_sag,"
"Kopf nativ SMART",1,576,279,313,"Brain","BRAIN","SmartBrain,T2W_TSE_TRA,3D_Flair_SAG,T1W_SE_COR,T2W_TSE_TRA,sT2W_TSE_sag,"
"Kopf nativ SMART",2,900,377,440,"Brain","BRAIN","SmartBrain,T2W_TSE_TRA,3D_Flair_SAG,T1W_SE_COR,SURVEY_PCA,B0_PreScan,DWI_og,cs_3DI_MC_TOF,T2W_Haemo,"
"Kopf nativ SMART",2,797,341,382,"Brain","BRAIN","SmartBrain,T2W_TSE_TRA,3D_Flair_SAG,SURVEY_PCA,T1W_SE_COR,cs_3DI_MC_TOF,B0_PreScan,DWI_og,"
"Kopf nativ SMART",1,763,368,430,"Brain","BRAIN","SmartBrain,T2W_TSE_TRA,3D_Flair_SAG,T1W_SE_COR,T2W_Haemo,T2W_mDIXON_cor,B0_PreScan,DWI_og,"
"Kopf nativ SMART",1,1220,547,623,"Brain","BRAIN","SmartBrain,SURVEY_PCA,T2W_TSE_TRA,3D_Flair_SAG,T1W_SE_COR,cs_3DI_MC_TOF,B0_PreScan,DWI_og,T2W_Haemo,T1W_3D_TFE fs KM,T1W_SE_COR_KM,"
"Kopf nativ SMART",1,864,505,562,"Brain","BRAIN","SmartBrain,T2W_TSE_TRA,3D_Flair_SAG,T2W_TSE_2.5mm_sag,T1W_SE_sag,T1W_SE_COR,T2W_Haemo,B0_PreScan,DWI_og,"
"Kopf nativ SMART",1,563,276,318,"Brain","BRAIN","SmartBrain,T2W_TSE_TRA,3D_Flair_SAG,T1W_SE_COR,T2W_Haemo,"
"Kopf nativ SMART",1,594,183,236,"Brain","BRAIN","SmartBrain,T2W_TSE_TRA,T1W_3D_TFE,3D_Flair_SAG,B0_PreScan,DWI_og,T2W_Haemo,"
"Kopf nativ SMART",1,1023,487,533,"Brain","BRAIN","SmartBrain,T2W_TSE_TRA,cs3D_PCA_SINUS,3D_Flair_SAG,T1W_SE_COR,B0_PreScan,DWI_og,T1W_3D_TFE fs KM,T1W_SE_COR_KM,"
"Kopf nativ SMART",1,612,326,368,"Brain","BRAIN","SmartBrain,3D_Flair_SAG,T2W_TSE_TRA,T1W_SE_COR,B0_PreScan,DWI_og,T2W_Haemo,"
"Kopf nativ SMART",1,821,361,417,"Brain","BRAIN","SmartBrain,T2W_TSE_TRA,cs3D_PCA_SINUS,3D_Flair_SAG,T1W_SE_COR,B0_PreScan,DWI_og,T2W_Haemo,"
"Kopf nativ SMART",2,608,326,367,"Brain","BRAIN","SmartBrain,T2W_TSE_TRA,3D_Flair_SAG,T2W_Haemo,T1W_SE_COR,B0_PreScan,DWI_og,"
"Kopf nativ SMART",3,643,322,361,"Brain","BRAIN","SmartBrain,T2W_TSE_TRA,3D_Flair_SAG,T1W_SE_COR,T2W_mDIXON_cor,B0_PreScan,DWI_og,"
"Kopf nativ SMART",1,1040,391,460,"Brain","BRAIN","SmartBrain,T2W_TSE_TRA,3D_Flair_SAG,T1W_SE_COR,SURVEY_PCA,B0_PreScan,DWI_og,cs_3DI_MC_TOF,T2W_Haemo,T2W_3D_DRIVE(ciss),"
"Kopf nativ SMART",3,911,378,442,"Brain","BRAIN","SmartBrain,T2W_TSE_TRA,SURVEY_PCA,3D_Flair_SAG,T1W_SE_COR,cs_3DI_MC_TOF,B0_PreScan,DWI_og,T2W_Haemo,"
"Kopf nativ SMART",1,1341,573,678,"Brain","BRAIN","SmartBrain,T2W_TSE_TRA,SURVEY_PCA,3D_Flair_SAG,cs_3DI_MC_TOF,T1W_SE_COR,B0_PreScan,DWI_og,T2W_Haemo,SURVEY_bFFE,T1W_TSE tra fs HWT,T1W_TSE tra fs HWT,"
"Kopf nativ SMART",1,755,343,389,"Brain","BRAIN","SmartBrain,T2W_TSE_TRA,3D_Flair_SAG,T1W_SE_COR,T2W_Haemo,T2W_3D_DRIVE(ciss),B0_PreScan,DWI_og,"
"Kopf nativ SMART",1,903,376,439,"Brain","BRAIN","SmartBrain,SURVEY_PCA,T2W_TSE_TRA,3D_Flair_SAG,cs_3DI_MC_TOF,T2W_Haemo,T1W_SE_COR,B0_PreScan,DWI_og,"
"Kopf nativ SMART",1,913,384,451,"Brain","BRAIN","SmartBrain,T2W_TSE_TRA,3D_Flair_SAG,T1W_SE_COR,T2W_3D_DRIVE(ciss),T2W_mDIXON_cor,B0_PreScan,DWI_og,T2W_Haemo,"
"Kopf nativ SMART",1,823,455,513,"Brain","BRAIN","SmartBrain,T2W_TSE_TRA,3D_Flair_SAG,T2W_TSE_2.5mm_sag,T1W_SE_sag,T1W_SE_COR,T2W_Haemo,"
"Kopf nativ SMART",2,901,378,442,"Brain","BRAIN","SmartBrain,T2W_TSE_TRA,3D_Flair_SAG,T1W_SE_COR,SURVEY_PCA,T2W_Haemo,cs_3DI_MC_TOF,B0_PreScan,DWI_og,"
"Kopf nativ SMART",1,725,340,385,"Brain","BRAIN","SmartBrain,T2W_TSE_TRA,3D_Flair_SAG,T1W_SE_COR,T2W_3D_DRIVE(ciss),T2W_Haemo,B0_PreScan,DWI_og,"
"Kopf nativ SMART",2,689,272,325,"Brain","BRAIN","SmartBrain,T2W_TSE_TRA,3D_Flair_SAG,T1W_SE_COR,T1W_3D_TFE,B0_PreScan,DWI_og,T2W_Haemo,"
"Kopf nativ SMART",1,812,360,416,"Brain","BRAIN","SmartBrain,T2W_TSE_TRA,3D_Flair_SAG,T1W_SE_COR,T2W_Haemo,cs3D_PCA_SINUS,B0_PreScan,DWI_og,"
"Kopf nativ SMART",1,771,372,436,"Brain","BRAIN","SmartBrain,T2W_TSE_TRA,3D_Flair_SAG,T1W_SE_COR,B0_PreScan,DWI_og,T2W_TSE_2.5mm_sag,T2W_Haemo,"
"Kopf nativ SMART",1,926,376,428,"Brain","BRAIN","SmartBrain,T2W_TSE_TRA,3D_Flair_SAG,T1W_SE_COR,T2W_3D_DRIVE(ciss),3D_Flair_SAG,B0_PreScan,DWI_og,T2W_Haemo,"
"Kopf nativ SMART",1,753,367,429,"Brain","BRAIN","SmartBrain,T2W_TSE_TRA,3D_Flair_SAG,T1W_SE_COR,T2W_mDIXON_cor,B0_PreScan,DWI_og,T2W_Haemo,"
"Kopf nativ SMART",5,747,340,386,"Brain","BRAIN","SmartBrain,T2W_TSE_TRA,3D_Flair_SAG,T1W_SE_COR,B0_PreScan,DWI_og,T2W_3D_DRIVE(ciss),T2W_Haemo,"
"Kopf nativ SMART",1,928,493,548,"Brain","BRAIN","SmartBrain,3D_Flair_SAG,T1W_SE_COR,T2W_Haemo,DWI_og,T2W_TSE_TRA,T1W_3D_TFE fs KM,T1W_SE_COR_KM,"
"Kopf nativ SMART",1,817,360,417,"Brain","BRAIN","SmartBrain,T2W_TSE_TRA,3D_Flair_SAG,T1W_SE_COR,cs3D_PCA_SINUS,T2W_Haemo,B0_PreScan,DWI_og,"
"Kopf nativ SMART",1,755,421,459,"Brain","BRAIN","SmartBrain,T2W_TSE_TRA,3D_Flair_SAG,T1W_SE_COR,B0_PreScan,T2W_TSE_2.5mm_sag,T1W_SE_COR,"
"Kopf nativ SMART",1,606,311,345,"Brain","BRAIN","SmartBrain,T2W_TSE_TRA,3D_Flair_SAG,T1W_SE_COR,B0_PreScan,DWI_og,T2W_TSE_2.5mm_sag,"
"Kopf nativ SMART",1,684,235,286,"Brain","BRAIN","SmartBrain,T2W_TSE_TRA,3D_Flair_SAG,T1W_SE_COR,T2W_mDIXON_cor,T1W_3D_TFE,B0_PreScan,DWI_og,"
"Kopf nativ SMART",1,785,330,370,"Brain","BRAIN","SmartBrain,SURVEY_PCA,T2W_TSE_TRA,3D_Flair_SAG,cs_3DI_MC_TOF,T1W_SE_COR,B0_PreScan,DWI_og,"
"Kopf nativ SMART",1,1033,389,457,"Brain","BRAIN","SmartBrain,SURVEY_PCA,T2W_TSE_TRA,cs_3DI_MC_TOF,3D_Flair_SAG,T1W_SE_COR,T2W_3D_DRIVE(ciss),B0_PreScan,DWI_og,T2W_Haemo,"
"Kopf nativ SMART",1,675,296,330,"Brain","BRAIN","SmartBrain,T1W_3D_TFE,T2W_TSE_TRA,B0_PreScan,DWI_og,T2W_MV_XD_sag,3D_Flair_SAG,"
"Kopf nativ SMART",1,751,369,431,"Brain","BRAIN","SmartBrain,T2W_TSE_TRA,3D_Flair_SAG,T1W_SE_COR,T2W_mDIXON_cor,T2W_Haemo,B0_PreScan,DWI_og,"
"Kopf nativ SMART",3,757,341,388,"Brain","BRAIN","SmartBrain,T2W_TSE_TRA,T1W_SE_COR,3D_Flair_SAG,T2W_3D_DRIVE(ciss),B0_PreScan,DWI_og,T2W_Haemo,"
"Kopf nativ SMART",1,714,355,412,"Brain","BRAIN","SmartBrain,T2W_TSE_TRA,3D_Flair_SAG,T1W_SE_COR,T2W_Haemo,T2W_TSE_2.5mm_sag,B0_PreScan,DWI_og,"
"Kopf nativ SMART",1,1195,700,769,"Brain","BRAIN","SmartBrain,T2W_TSE_TRA,3D_Flair_SAG,T1W_SE_COR,T2W_TSE_2.5mm_sag,T1W_SE_sag,T2W_Haemo,B0_PreScan,DWI_og,T1W_3D_TFE fs KM,T1W_SE_COR_KM,"
"Kopf nativ SMART",1,936,504,562,"Brain","BRAIN","SmartBrain,T2W_TSE_TRA,3D_Flair_SAG,T1W_SE_COR,T2W_Haemo,B0_PreScan,DWI_og,T1W_3D_TFE fs KM,T1W_SE_COR_KM,"
"Kopf nativ SMART",1,762,354,406,"Brain","BRAIN","SmartBrain,T2W_TSE_TRA,3D_Flair_SAG,T1W_SE_COR,T2W_Haemo,T1W_3D_TFE,B0_PreScan,DWI_og,"
"Kopf nativ SMART",1,781,355,409,"Brain","BRAIN","SmartBrain,T2W_TSE_TRA,3D_Flair_SAG,T1W_SE_COR,B0_PreScan,DWI_og,T1W_3D_TFE,T2W_Haemo,"
"Kopf nativ SMART",1,627,201,255,"Brain","BRAIN","SmartBrain,T2W_TSE_TRA,3D_Flair_SAG,B0_PreScan,DWI_og,T1W_SE_COR,T2W_Haemo,T1W_3D_TFE,"
"Kopf nativ SMART",1,1220,547,623,"Brain","BRAIN","SmartBrain,T2W_TSE_TRA,SURVEY_PCA,3D_Flair_SAG,T1W_SE_COR,cs_3DI_MC_TOF,B0_PreScan,DWI_og,T2W_Haemo,T1W_3D_TFE fs KM,T1W_SE_COR_KM,"
"Kopf nativ SMART",1,1091,397,467,"Brain","BRAIN","SmartBrain,T2W_TSE_TRA,SURVEY_PCA,3D_Flair_SAG,cs_3DI_MC_TOF,T1W_SE_COR,B0_PreScan,DWI_og,3D_Flair_SAG,T2W_Haemo,"
"Kopf nativ SMART",1,1354,699,801,"Brain","BRAIN","SmartBrain,3D_Flair_SAG,SURVEY_SAG,SURVEY_COR,T2_TSE_SAG,T2_TSE_SAG,T1_TSE_SAG,T1_TSE_SAG,STIR_TSE_SAG,STIR_TSE_SAG,cs_T2W_TSE_TRA C2-TH1,"
"Kopf nativ SMART",1,892,507,565,"Brain","BRAIN","SmartBrain,T2W_TSE_TRA,3D_Flair_SAG,T2W_TSE_2.5mm_sag,T1W_SE_sag,T1W_SE_COR,B0_PreScan,DWI_og,T2W_Haemo,"
"Kopf nativ SMART",1,784,329,370,"Brain","BRAIN","SmartBrain,SURVEY_PCA,T2W_TSE_TRA,3D_Flair_SAG,cs_3DI_MC_TOF,B0_PreScan,DWI_og,T1W_SE_COR,"
"Kopf nativ SMART",1,793,371,425,"Brain","BRAIN","SmartBrain,SmartBrain,T2W_TSE_TRA,3D_Flair_SAG,T1W_SE_COR,B0_PreScan,DWI_og,T2W_Haemo,T1W_3D_TFE,"
"Kopf nativ SMART",1,855,384,443,"Brain","BRAIN","SmartBrain,T2W_TSE_TRA,SmartBrain,T2W_TSE_TRA,3D_Flair_SAG,T1W_SE_COR,B0_PreScan,DWI_og,T2W_3D_DRIVE(ciss),T2W_Haemo,"
"Kopf nativ SMART",1,606,185,238,"Brain","BRAIN","SmartBrain,T2W_TSE_TRA,3D_Flair_SAG,T1W_3D_TFE,T2W_Haemo,B0_PreScan,DWI_og,"
"Kopf nativ SMART",1,787,355,409,"Brain","BRAIN","SmartBrain,T2W_TSE_TRA,3D_Flair_SAG,T1W_SE_COR,B0_PreScan,DWI_og,T2W_Haemo,T1W_3D_TFE fs KM,"
"LWS nativ fast",179,557,207,272,"Spine","LUMBAR SPINE","SmartSpine_L,STIR_TSE_COR R-L,SenseRefScan_TSE,T2 TSE SAG cs1.5,T1 TSE SAG cs2.8,T2W_TSE_TRA,"
"LWS nativ fast",37,647,218,287,"Spine","LUMBAR SPINE","SmartSpine_L,STIR_TSE_COR R-L,SenseRefScan_TSE,T2 TSE SAG cs1.5,T1 TSE SAG cs2.8,MYELO_3D,T2W_TSE_TRA,"
"LWS nativ fast",1,809,303,386,"Spine","LUMBAR SPINE","SmartSpine_L,STIR_TSE_COR R-L,SenseRefScan_TSE,T2 TSE SAG cs1.5,T1 TSE SAG cs2.8,MYELO_3D,T2W_TSE_TRA,SenseRefScan_TSE,STIR_TSE_Sag,"
"LWS nativ fast",5,585,225,292,"Spine","LUMBAR SPINE","SmartSpine_L,SmartSpine_L,STIR_TSE_COR R-L,SenseRefScan_TSE,T2 TSE SAG cs1.5,T1 TSE SAG cs2.8,T2W_TSE_TRA,"
"LWS nativ fast",9,724,253,342,"Spine","LUMBAR SPINE","SmartSpine_L,STIR_TSE_COR R-L,SenseRefScan_TSE,T2 TSE SAG cs1.5,T1 TSE SAG cs2.8,T2W_TSE_TRA,T2W_TSE_TRA,"
"LWS nativ fast",1,501,194,251,"Spine","LUMBAR SPINE","SmartSpine_L,STIR_TSE_COR R-L,STIR_TSE_COR R-L,SenseRefScan_TSE,T2 TSE SAG cs1.5,T1 TSE SAG cs2.8,T2W_TSE_TRA,"
"LWS nativ fast",1,840,319,416,"Spine","LUMBAR SPINE","SmartSpine_L,STIR_TSE_COR R-L,SenseRefScan_TSE,T2 TSE SAG cs1.5,csSTIR_TSE_COR,csT1W_TSE_COR,T2W_TSE_TRA,"
"LWS nativ fast",1,708,249,336,"Spine","LUMBAR SPINE","SmartSpine_L,SenseRefScan_TSE,T2 TSE SAG cs1.5,STIR_TSE_COR R-L,T1 TSE SAG cs2.8,T2W_TSE_TRA,T2W_TSE_TRA,"
"LWS nativ fast",1,823,317,411,"Spine","LUMBAR SPINE","SmartSpine_L,SenseRefScan_TSE,T2 TSE SAG cs1.5,STIR_TSE_COR R-L,T1 TSE SAG cs2.8,T2W_TSE_TRA,csT1W_TSE_COR,csSTIR_TSE_COR,"
"LWS nativ fast",1,587,231,297,"Spine","LUMBAR SPINE","SmartSpine_L,STIR_TSE_COR R-L,SenseRefScan_TSE,T2 TSE SAG cs1.5,T1 TSE SAG cs2.8,T2W_TSE_SPIR,T1W_TSE_TRA,"
"LWS nativ fast",1,719,238,318,"Spine","LUMBAR SPINE","SmartSpine_L,STIR_TSE_COR R-L,SenseRefScan_TSE,T2 TSE SAG cs1.5,MYELO_3D,T1 TSE SAG cs2.8,T2W_TSE_TRA,"
"LWS nativ fast",1,859,327,414,"Spine","LUMBAR SPINE","SmartSpine_L,STIR_TSE_COR R-L,SenseRefScan_TSE,T2 TSE SAG cs1.5,MYELO_3D,SenseRefScan_TSE,T1 TSE SAG cs2.8,T2W_TSE_TRA,csSTIR_TSE_COR,"
"LWS nativ fast",1,960,345,448,"Spine","LUMBAR SPINE","SmartSpine_L,STIR_TSE_COR R-L,csSTIR_TSE_COR,SenseRefScan_TSE,T2 TSE SAG cs1.5,T1 TSE SAG cs2.8,MYELO_3D,T2W_TSE_TRA,"
"LWS nativ fast",2,859,317,406,"Spine","LUMBAR SPINE","SmartSpine_L,STIR_TSE_COR R-L,SenseRefScan_TSE,T2 TSE SAG cs1.5,T1 TSE SAG cs2.8,MYELO_3D,T2W_TSE_TRA,csSTIR_TSE_COR,"
"LWS nativ fast",2,660,231,301,"Spine","LUMBAR SPINE","SmartSpine_L,SmartSpine_L,STIR_TSE_COR R-L,SenseRefScan_TSE,T2 TSE SAG cs1.5,T1 TSE SAG cs2.8,MYELO_3D,T2W_TSE_TRA,"
"LWS nativ fast",1,963,385,491,"Spine","LUMBAR SPINE","SmartSpine_L,STIR_TSE_COR R-L,SenseRefScan_TSE,T2 TSE SAG cs1.5,T1 TSE SAG cs2.8,T2W_TSE_TRA,csSTIR_TSE_COR,csSTIR_TSE_COR,csT1W_TSE_COR,T2W_TSE_mSPIR_tra,csT2W_TSE_COR,"
"LWS nativ fast",1,767,265,360,"Spine","LUMBAR SPINE","SmartSpine_L,STIR_TSE_COR R-L,SenseRefScan_TSE,T2 TSE SAG cs1.5,T1 TSE SAG cs2.8,T2W_TSE_TRA,csT1W_TSE_COR,"
"LWS nativ fast",1,750,285,371,"Spine","LUMBAR SPINE","SmartSpine_L,STIR_TSE_COR R-L,SenseRefScan_TSE,T2 TSE SAG cs1.5,T1 TSE SAG cs2.8,csT1W_TSE_COR,T2W_TSE_TRA,T2W_TSE_mSPIR_tra,"
"LWS nativ fast",17,593,217,288,"Spine","LUMBAR SPINE","SmartSpine_L,SenseRefScan_TSE,T2 TSE SAG cs1.5,STIR_TSE_COR R-L,T1 TSE SAG cs2.8,T2W_TSE_TRA,"
"LWS nativ fast",1,644,245,320,"Spine","LUMBAR SPINE","SmartSpine_L,SenseRefScan_TSE,T2 TSE SAG cs1.5,STIR_TSE_COR R-L,SenseRefScan_TSE,T1 TSE SAG cs2.8,T2W_TSE_TRA,"
"LWS nativ fast",1,262,143,167,"Spine","LUMBAR SPINE","SmartSpine_L,SenseRefScan_TSE,T1 TSE SAG cs2.8 KM,T1W_TSE_TRA fs KM L4-S1,T1W_TSE_TRA KM L4-S1,"
"LWS nativ fast",1,790,300,391,"Spine","LUMBAR SPINE","SmartSpine_L,STIR_TSE_COR R-L,SenseRefScan_TSE,T2 TSE SAG cs1.5,T1 TSE SAG cs2.8,STIR_TSE_Sag,T2W_TSE_TRA,"
"LWS nativ fast",1,546,203,268,"Spine","LUMBAR SPINE","SmartSpine_L,STIR_TSE_COR R-L,SenseRefScan_TSE,T2 TSE SAG cs1.5,T2 TSE SAG cs1.5,T1 TSE SAG cs2.8,T2W_TSE_TRA,"
"LWS nativ fast",1,265,125,150,"Spine","LUMBAR SPINE","SmartSpine_L,STIR_TSE_COR R-L,SenseRefScan_TSE,T2 TSE SAG cs1.5,"
"LWS nativ fast",1,642,216,285,"Spine","LUMBAR SPINE","SmartSpine_L,SenseRefScan_TSE,T2 TSE SAG cs1.5,STIR_TSE_COR R-L,MYELO_3D,T1 TSE SAG cs2.8,T2W_TSE_TRA,"
"LWS nativ fast",4,650,218,289,"Spine","LUMBAR SPINE","SmartSpine_L,SenseRefScan_TSE,T2 TSE SAG cs1.5,STIR_TSE_COR R-L,T1 TSE SAG cs2.8,MYELO_3D,T2W_TSE_TRA,"
"LWS nativ fast",1,817,294,380,"Spine","LUMBAR SPINE","SmartSpine_L,SenseRefScan_TSE,T2 TSE SAG cs1.5,T1 TSE SAG cs2.8,csSTIR_TSE_COR,MYELO_3D,csT1W_TSE_COR,T2W_TSE_SPIR,T2W_TSE_TRA,"
"LWS nativ fast",1,849,314,403,"Spine","LUMBAR SPINE","SmartSpine_L,SenseRefScan_TSE,T2 TSE SAG cs1.5,STIR_TSE_COR R-L,T1 TSE SAG cs2.8,MYELO_3D,T2W_TSE_TRA,SenseRefScan_TSE,STIR_TSE_Sag,"
"LWS nativ fast",1,731,296,376,"Spine","LUMBAR SPINE","SmartSpine_L,STIR_TSE_COR R-L,SenseRefScan_TSE,T2 TSE SAG cs1.5,T1 TSE SAG cs2.8,T2W_TSE_TRA,SenseRefScan_TSE,STIR_TSE_Sag,"
"Kopf nativ VOLUMEN",3,574,172,222,"Brain","BRAIN","SmartBrain,T2W_TSE_TRA,T1W_3D_TFE,3D_Flair_SAG,DWI_og,T2W_Haemo,"
"Kopf nativ VOLUMEN",1,744,194,252,"Brain","BRAIN","SmartBrain,T2W_TSE_TRA,T1W_3D_TFE,3D_Flair_SAG,T2W_Haemo,T2W_3D_DRIVE(ciss),DWI_og,"
"Kopf nativ VOLUMEN",12,596,177,228,"Brain","BRAIN","SmartBrain,T2W_TSE_TRA,T1W_3D_TFE,3D_Flair_SAG,T2W_Haemo,DWI_og,"
"Kopf nativ VOLUMEN",2,482,133,163,"Brain","BRAIN","SmartBrain,T2W_TSE_TRA,T1W_3D_TFE,3D_Flair_SAG,DWI_og,"
"Kopf nativ VOLUMEN",1,581,128,179,"Brain","BRAIN","SmartBrain,T2W_TSE_TRA,T1W_3D_TFE,3D_Flair_SAG,T2W_mDIXON_cor,"
"HWS SMART",42,643,211,293,"Spine","CERVICAL SPINE","SmartSpine_C,STIR_TSE_COR,T2W_TSE_SAG,T1W_TSE_SAG,cs_T2W_TSE_TRA C2-TH1,"
"HWS SMART",15,634,208,289,"Spine","CERVICAL SPINE","SmartSpine_C,STIR_TSE_COR,T2W_TSE_SAG,T1W_TSE_SAG,cs_T2W_TSE_TRA C2-TH2,"
"HWS SMART",2,664,227,310,"Spine","CERVICAL SPINE","SmartSpine_C,SmartSpine_C,STIR_TSE_COR,T2W_TSE_SAG,T1W_TSE_SAG,cs_T2W_TSE_TRA C2-TH1,"
"HWS SMART",1,659,215,299,"Spine","CERVICAL SPINE","SmartSpine_C,T2W_TSE_SAG,STIR_TSE_SAG,T1W_TSE_SAG,cs_T2W_TSE_TRA C7-TH6,"
"HWS SMART",11,704,217,300,"Spine","CERVICAL SPINE","SmartSpine_C,STIR_TSE_COR,T2W_TSE_SAG,T1W_TSE_SAG,MYELO_3D,cs_T2W_TSE_TRA C2-TH1,"
"HWS SMART",1,697,215,297,"Spine","CERVICAL SPINE","SmartSpine_C,STIR_TSE_COR,T2W_TSE_SAG,T1W_TSE_SAG,MYELO_3D,cs_T2W_TSE_TRA C0-TH1,"
"HWS SMART",12,633,208,289,"Spine","CERVICAL SPINE","SmartSpine_C,T2W_TSE_SAG,STIR_TSE_SAG,T1W_TSE_SAG,cs_T2W_TSE_TRA C2-TH1,"
"HWS SMART",1,752,263,355,"Spine","CERVICAL SPINE","SmartSpine_C,T2W_TSE_SAG,STIR_TSE_SAG,T1W_TSE_SAG,cs_T2W_TSE_TRA C2-TH2,STIR_TSE_COR,"
"HWS SMART",1,697,215,297,"Spine","CERVICAL SPINE","SmartSpine_C,T2W_TSE_SAG,STIR_TSE_COR,T1W_TSE_SAG,MYELO_3D,cs_T2W_TSE_TRA C2-TH1,"
"HWS SMART",9,644,211,293,"Spine","CERVICAL SPINE","SmartSpine_C,STIR_TSE_SAG,T2W_TSE_SAG,T1W_TSE_SAG,cs_T2W_TSE_TRA C2-TH1,"
"HWS SMART",4,633,208,289,"Spine","CERVICAL SPINE","SmartSpine_C,T2W_TSE_SAG,STIR_TSE_SAG,T1W_TSE_SAG,cs_T2W_TSE_TRA C2-TH2,"
"HWS SMART",1,684,222,310,"Spine","CERVICAL SPINE","SmartSpine_C,T2W_TSE_SAG,STIR_TSE_SAG,cs_T2W_TSE_TRA C2-TH1,T1W_TSE_SAG,"
"HWS SMART",1,697,215,297,"Spine","CERVICAL SPINE","SmartSpine_C,STIR_TSE_COR,T2W_TSE_SAG,cs_T2W_TSE_TRA C2-TH1,MYELO_3D,T1W_TSE_SAG,"
"HWS SMART",1,830,276,371,"Spine","CERVICAL SPINE","SmartSpine_C,T2W_TSE_SAG,STIR_TSE_SAG,T1W_TSE_SAG,STIR_TSE_COR,MYELO_3D,cs_T2W_TSE_TRA C2-TH2,"
"HWS SMART",2,698,215,298,"Spine","CERVICAL SPINE","SmartSpine_C,T2W_TSE_SAG,STIR_TSE_SAG,T1W_TSE_SAG,MYELO_3D,cs_T2W_TSE_TRA C2-TH1,"
"HWS SMART",4,708,218,302,"Spine","CERVICAL SPINE","SmartSpine_C,STIR_TSE_SAG,T2W_TSE_SAG,T1W_TSE_SAG,MYELO_3D,cs_T2W_TSE_TRA C2-TH1,"
"HWS SMART",1,684,222,310,"Spine","CERVICAL SPINE","SmartSpine_C,STIR_TSE_COR,T2W_TSE_SAG,T1W_TSE_SAG,cs_T2W_TSE_TRA C3-TH3,"
"HWS SMART",1,753,263,355,"Spine","CERVICAL SPINE","SmartSpine_C,STIR_TSE_COR,T2W_TSE_SAG,STIR_TSE_SAG,T1W_TSE_SAG,cs_T2W_TSE_TRA C2-TH1,"
"HWS SMART",1,838,254,356,"Spine","CERVICAL SPINE","SmartSpine_C,T2W_TSE_SAG,STIR_TSE_SAG,T1W_TSE_SAG,MYELO_3D,cs_T2W_TSE_TRA C1-C7,T1W_TSE_TRA,"
"HWS SMART",1,633,208,288,"Spine","CERVICAL SPINE","SmartSpine_C,STIR_TSE_COR,T2W_TSE_SAG,T1W_TSE_SAG,cs_T2W_TSE_TRA C2-TH3,"
"HWS SMART",1,698,226,315,"Spine","CERVICAL SPINE","SmartSpine_C,T2W_TSE_SAG,STIR_TSE_SAG,T1W_TSE_SAG,cs_T2W_TSE_TRA C0-TH3,"
"HWS SMART",1,644,213,295,"Spine","CERVICAL SPINE","SmartSpine_C,T2W_TSE_SAG,T1W_TSE_SAG,STIR_TSE_SAG,cs_T2W_TSE_TRA C4-TH3,"
"HWS SMART",1,633,208,289,"Spine","CERVICAL SPINE","SmartSpine_C,STIR_TSE_COR,T2W_TSE_SAG,T1W_TSE_SAG,cs_T2W_TSE_TRA C3-TH2,"
"HWS SMART",1,697,215,298,"Spine","CERVICAL SPINE","SmartSpine_C,T2W_TSE_SAG,STIR_TSE_SAG,T1W_TSE_SAG,MYELO_3D,cs_T2W_TSE_TRA C2-TH2,"
"HWS SMART",1,1019,331,461,"Spine","CERVICAL SPINE","SmartSpine_C,STIR_TSE_COR,T2W_TSE_SAG,T1W_TSE_SAG,cs_T2W_TSE_TRA C2-TH1,T1W_TSE_SAG,"
"HWS SMART",2,633,208,289,"Spine","CERVICAL SPINE","SmartSpine_C,T2W_TSE_SAG,STIR_TSE_SAG,T1W_TSE_SAG,cs_T2W_TSE_TRA C2-TH3,"
"HWS SMART",1,965,300,427,"Spine","CERVICAL SPINE","SmartSpine_C,T2W_TSE_SAG,STIR_TSE_SAG,T1W_TSE_SAG,cs_T2W_TSE_TRA C2-TH1,T1W_TSE_SAG KM,T1W_TSE_TRA KM,"
"HWS SMART",1,711,229,312,"Spine","CERVICAL SPINE","SmartSpine_C,SmartSpine_C,STIR_TSE_COR,T2W_TSE_SAG,T1W_TSE_SAG,MYELO_3D,cs_T2W_TSE_TRA C2-TH1,"
"HWS SMART",2,633,208,288,"Spine","CERVICAL SPINE","SmartSpine_C,STIR_TSE_SAG,T2W_TSE_SAG,T1W_TSE_SAG,cs_T2W_TSE_TRA C2-TH2,"
"HWS SMART",1,752,263,355,"Spine","CERVICAL SPINE","SmartSpine_C,T2W_TSE_SAG,STIR_TSE_SAG,STIR_TSE_COR,T1W_TSE_SAG,cs_T2W_TSE_TRA C0-TH1,"
"HWS SMART",1,809,246,344,"Spine","CERVICAL SPINE","SmartSpine_C,STIR_TSE_SAG,T2W_TSE_SAG,T1W_TSE_SAG,MYELO_3D,cs_T2W_TSE_TRA C2-TH1,cs_T2W_TSE_TRA C2-TH1,"
"HWS SMART",1,698,215,298,"Spine","CERVICAL SPINE","SmartSpine_C,T2W_TSE_SAG,T1W_TSE_SAG,STIR_TSE_COR,MYELO_3D,cs_T2W_TSE_TRA C2-TH1,"
"HWS SMART",1,697,215,297,"Spine","CERVICAL SPINE","SmartSpine_C,STIR_TSE_COR,T2W_TSE_SAG,T1W_TSE_SAG,MYELO_3D,cs_T2W_TSE_TRA C2-TH2,"
"HWS SMART",1,723,267,353,"Spine","CERVICAL SPINE","SmartSpine_C,SenseRefScan_TSE,csT2 STIR sag,T2W_TSE_SAG,T1W_TSE_SAG,cs_T2W_TSE_TRA C2-TH1,"
"HWS SMART",1,929,267,357,"Spine","CERVICAL SPINE","SmartSpine_C,STIR_TSE_SAG,cs_T2W_TSE_TRA C2-TH1,SenseRefScan_TSE,cs6 3D_Spine_T2W Foramen,T2W_TSE_SAG,T1W_TSE_SAG,"
"HWS SMART",1,697,215,297,"Spine","CERVICAL SPINE","SmartSpine_C,T2W_TSE_SAG,STIR_TSE_SAG,T1W_TSE_SAG,MYELO_3D,cs_T2W_TSE_TRA C2-TH3,"
"HWS SMART",1,753,264,355,"Spine","CERVICAL SPINE","SmartSpine_C,STIR_TSE_COR,T2W_TSE_SAG,T1W_TSE_SAG,STIR_TSE_SAG,cs_T2W_TSE_TRA C2-TH1,"
"HWS SMART",1,641,210,292,"Spine","CERVICAL SPINE","SmartSpine_C,STIR_TSE_COR,T2W_TSE_SAG,T1W_TSE_SAG,cs_T2W_TSE_TRA C2-TH1,cs_T2W_TSE_TRA C2-TH3,"
"Schulter rechts SMART",75,608,234,284,"MSK","SHOULDER","SmartShoulder,PDW_TSE_SPIR_Tra,3D_T2W_Cor,PDW_TSE_SPIR_Sag,PDW_TSE_SPIR_Cor,T1W_TSE_Cor,"
"Schulter rechts SMART",1,737,249,303,"MSK","SHOULDER","SmartShoulder,PDW_TSE_SPIR_Tra,3D_T2W_Cor,PDW_TSE_SPIR_Sag,3D_T2W_Cor,PDW_TSE_SPIR_Cor,T1W_TSE_Cor,"
"Schulter rechts SMART",3,610,236,286,"MSK","SHOULDER","SmartShoulder,PDW_TSE_SPIR_Tra,3D_T2W_Cor,PDW_TSE_SPIR_Sag,T1W_TSE_Cor,PDW_TSE_SPIR_Cor,"
"Schulter rechts SMART",6,608,235,285,"MSK","SHOULDER","SmartShoulder,PDW_TSE_SPIR_Tra,PDW_TSE_SPIR_Cor,3D_T2W_Cor,PDW_TSE_SPIR_Sag,T1W_TSE_Cor,"
"Schulter rechts SMART",1,335,150,178,"MSK","SHOULDER","SmartShoulder,PDW_TSE_SPIR_Tra,PDW_TSE_SPIR_Cor,3D_T2W_Cor,"
"Schulter rechts SMART",1,12,12,12,"MSK","SHOULDER","SmartShoulder,"
"Schulter links SMART",73,613,237,287,"MSK","SHOULDER","SmartShoulder,PDW_TSE_SPIR_Tra,3D_T2W_Cor,PDW_TSE_SPIR_Sag,PDW_TSE_SPIR_Cor,T1W_TSE_Cor,"
"Schulter links SMART",1,754,299,362,"MSK","SHOULDER","SmartShoulder,PDW_TSE_SPIR_Tra,3D_T2W_Cor,PDW_TSE_SPIR_Sag,PDW_TSE_SPIR_Cor,T1W_TSE_Cor,PDW_TSE_SPIR_Tra,"
"Schulter links SMART",2,766,308,373,"MSK","SHOULDER","SmartShoulder,PDW_TSE_SPIR_Tra,3D_T2W_Cor,PDW_TSE_SPIR_Sag,PDW_TSE_SPIR_Cor,T1W_TSE_Cor,PDW_TSE_SPIR_Cor,"
"Schulter links SMART",3,607,234,284,"MSK","SHOULDER","SmartShoulder,PDW_TSE_SPIR_Tra,PDW_TSE_SPIR_Cor,3D_T2W_Cor,PDW_TSE_SPIR_Sag,T1W_TSE_Cor,"
"Schulter links SMART",1,249,84,100,"MSK","SHOULDER","SmartShoulder,PDW_TSE_SPIR_Tra,3D_T2W_Cor,"
"Schulter links SMART",1,12,12,12,"MSK","SHOULDER","SmartShoulder,"
"Schulter links SMART",1,745,298,361,"MSK","SHOULDER","SmartShoulder,PDW_TSE_SPIR_Tra,3D_T2W_Cor,PDW_TSE_SPIR_Sag,PDW_TSE_SPIR_Cor,T1W_TSE_Cor,PDW_TSE_SPIR_Sag,"
"Oberbauch dyn.",7,993,858,869,"Abdomen","ABDOMEN","SURVEY,STIR_Cor_BH,mDIXON_all,B0_PreScan,DWI_3b,T2_SPIR_AX_MVXD_HR_RT,T2_AX_MVXD_HR_RT,cs9 MRCP 3D BH,mDIXON_dyn_cs,2D_BOLUSTRAK,mDIXON_dyn_cs,mDIXON-W_Cor_KM,mDIXON_W_cs_SPAET,"
"Oberbauch dyn.",1,895,845,852,"Abdomen","ABDOMEN","SURVEY,STIR_Cor_BH,mDIXON_all,B0_PreScan,DWI_3b,T2_SPIR_AX_MVXD_HR_RT,T2_AX_MVXD_HR_RT,mDIXON-W_Cor_KM,mDIXON-W_Cor_KM,mDIXON_W_cs_,"
"Oberbauch dyn.",1,581,581,581,"Abdomen","ABDOMEN","SURVEY,STIR_Cor_BH,SURVEY,SURVEY,STIR_Cor_BH,STIR_Cor_BH,mDIXON_all,B0_PreScan,DWI_3b,T2_SPIR_AX_MVXD_HR_RT,T2W_TSE,"
"Oberbauch dyn.",9,753,753,753,"Abdomen","ABDOMEN","SURVEY,STIR_Cor_BH,mDIXON_all,B0_PreScan,DWI_3b,T2_SPIR_AX_MVXD_HR_RT,T2_AX_MVXD_HR_RT,"
"Oberbauch dyn.",5,1040,924,935,"Abdomen","ABDOMEN","SURVEY,STIR_Cor_BH,mDIXON_all,B0_PreScan,DWI_3b,T2_SPIR_AX_MVXD_HR_RT,T2_AX_MVXD_HR_RT,mDIXON_dyn_cs,2D_BOLUSTRAK,mDIXON_dyn_cs,mDIXON-W_Cor_KM,mDIXON_W_cs_SPAET,"
"Oberbauch dyn.",3,935,887,908,"Abdomen","ABDOMEN","SURVEY,STIR_Cor_BH,mDIXON_all,B0_PreScan,DWI_3b,T2_SPIR_AX_MVXD_HR_RT,T2_AX_MVXD_HR_RT,dual_FFE_3mm_NN,"
"Oberbauch dyn.",1,1007,1007,1007,"Abdomen","ABDOMEN","SURVEY,STIR_Cor_BH,mDIXON_all,B0_PreScan,DWI_3b,T2_SPIR_AX_MVXD_HR_RT,T2_AX_MVXD_HR_RT,T2_SPIR_AX_MVXD_HR_RT,"
"Oberbauch dyn.",6,856,833,834,"Abdomen","ABDOMEN","SURVEY,STIR_Cor_BH,mDIXON_all,B0_PreScan,DWI_3b,T2_SPIR_AX_MVXD_HR_RT,T2_AX_MVXD_HR_RT,cs9 MRCP 3D BH,"
"Oberbauch dyn.",1,975,952,953,"Abdomen","ABDOMEN","SURVEY,STIR_Cor_BH,mDIXON_all,B0_PreScan,DWI_3b,T2_SPIR_AX_MVXD_HR_RT,T2_AX_MVXD_HR_RT,SURVEY,T2_AX_MVXD_HR_RT,cs9 MRCP 3D BH,T2_SPIR_AX_MVXD_HR_RT,"
"Oberbauch dyn.",1,1173,1042,1056,"Abdomen","ABDOMEN","SURVEY,STIR_Cor_BH,mDIXON_all,B0_PreScan,DWI_3b,T2_SPIR_AX_MVXD_HR_RT,T2_AX_MVXD_HR_RT,mDIXON_dyn_cs,2D_BOLUSTRAK,mDIXON_dyn_cs,mDIXON-W_Cor_KM,mDIXON-W_Cor_KM,mDIXON_W_cs_SPAET,"
"Oberbauch dyn.",1,975,878,887,"Abdomen","ABDOMEN","SURVEY,STIR_Cor_BH,mDIXON_all,B0_PreScan,DWI_3b,T2_SPIR_AX_MVXD_HR_RT,T2_AX_MVXD_HR_RT,mDIXON_dyn_cs,mDIXON-W_Cor_KM,mDIXON_W_cs_SPAET,"
"Oberbauch dyn.",1,1519,1519,1519,"Abdomen","ABDOMEN","SURVEY,STIR_Cor_BH,T2W_TSE_Cor,mDIXON_all,mDIXON_all,T2_SPIR_AX_MVXD_HR_RT,T2_SPIR_AX_MVXD_HR_RT,T2_AX_MVXD_HR_RT,T2_AX_MVXD_HR_RT,T2W_MVXD_sag,B0_PreScan,B0_PreScan,DWI_3b,DWI_3b,"
"Oberbauch dyn.",1,619,619,619,"Abdomen","ABDOMEN","SURVEY,SURVEY,STIR_Cor_BH,T2W_TSE_Cor,mDIXON_all,B0_PreScan,DWI_3b,T2_AX_MVXD_HR_RT,"
"Oberbauch dyn.",1,914,821,837,"Abdomen","ABDOMEN","SURVEY,STIR_Cor_BH,mDIXON_all,B0_PreScan,DWI_3b,T2_SPIR_AX_MVXD_HR_RT,T2_AX_MVXD_HR_RT,mDIXON_all,T1W_TSE_Tra fs,"
"Oberbauch dyn.",1,1026,883,895,"Abdomen","ABDOMEN","SURVEY,STIR_Cor_BH,mDIXON_all,B0_PreScan,DWI_3b,T2_SPIR_AX_MVXD_HR_RT,T2_AX_MVXD_HR_RT,cs9 MRCP 3D BH,mDIXON_dyn_cs,2D_BOLUSTRAK,mDIXON_dyn_cs,mDIXON-W_Cor_KM,mDIXON_W_cs_KM,"
"Oberbauch dyn.",1,825,788,792,"Abdomen","ABDOMEN","SURVEY,STIR_Cor_BH,mDIXON_all,B0_PreScan,DWI_3b,T2_SPIR_AX_MVXD_HR_RT,T2_AX_MVXD_HR_RT,mDIXON-W_Cor_KM,mDIXON_W_cs_SPAET,"
"Oberbauch dyn.",1,991,945,965,"Abdomen","ABDOMEN","SURVEY,STIR_Cor_BH,B0_PreScan,DWI_3b,T2_SPIR_AX_MVXD_HR_RT,dual_FFE_3mm_NN,T2_AX_MVXD_HR_RT,"
"Oberbauch dyn.",1,804,779,780,"Abdomen","ABDOMEN","SURVEY,STIR_Cor_BH,mDIXON_all,T2_SPIR_AX_MVXD_HR_RT,B0_PreScan,DWI_3b,cs9 MRCP 3D BH,T2_AX_MVXD_HR_RT,"
"Oberbauch dyn.",1,1306,1126,1165,"Abdomen","ABDOMEN","SURVEY,STIR_Cor_BH,T2_SPIR_AX_MVXD_HR_RT,T2_AX_MVXD_HR_RT,dual_FFE_3mm_NN,B0_PreScan,DWI_3b,mDIXON_dyn_cs,2D_BOLUSTRAK,mDIXON_dyn_cs,mDIXON-W_Cor_KM,mDIXON_W_cs_SPAET,"
"Oberbauch dyn.",1,627,577,599,"Abdomen","ABDOMEN","SURVEY,STIR_Cor_BH,T2_SPIR_AX_MVXD_HR_RT,dual_FFE_3mm_NN,T2_AX_MVXD_HR_RT,"
"Oberbauch dyn.",1,1419,1341,1356,"Abdomen","ABDOMEN","SURVEY,T2W_TSE_Cor,STIR_Cor_BH,mDIXON_all,mDIXON_all,T2_SPIR_AX_MVXD_HR_RT,T2_SPIR_AX_MVXD_HR_RT,T2_AX_MVXD_HR_RT,T2_AX_MVXD_HR_RT,B0_PreScan,B0_PreScan,DWI_3b,DWI_3b,T1W_TSE_cor,"
"Oberbauch dyn.",1,452,247,277,"Abdomen","ABDOMEN","SURVEY,T2W_TSE_sag_BH,SURVEY,cs9 MRCP 3D BH,mDIXON_dyn_cs,2D_BOLUSTRAK,mDIXON_dyn_cs,mDIXON-W_Cor_KM,mDIXON_W_cs_KM,"
"Oberbauch dyn.",1,43,43,43,"Abdomen","ABDOMEN","SURVEY,mDIXON_all,"
"Oberschenkel nativ Zeit",5,719,295,353,"Abdomen","PELVIS","SURVEY,STIR_TSE_Cor,T1W_TSE_Cor,cs3D_VIEW_T2W cor,PDW_TSE_SPAIR_Tra_bds,"
"Oberschenkel nativ Zeit",1,695,300,353,"Abdomen","PELVIS","SURVEY,STIR_TSE_Cor,cs3D_VIEW_T2W cor,T1W_TSE_Cor,PDW_TSE_SPIR_Tra_Einseitig,"
"Oberschenkel nativ Zeit",1,1149,564,650,"Abdomen","PELVIS","SURVEY,STIR_TSE_Cor,cs3D_VIEW_T2W cor,T1W_TSE_Cor,PDW_TSE_SPAIR_Tra,PDW_TSE_SPAIR_sag,"
"Oberschenkel nativ Zeit",1,1118,553,640,"Abdomen","PELVIS","SURVEY,STIR_TSE_Cor,T1W_TSE_Cor,PDW_TSE_SPIR_Tra_Einseitig,cs3D_VIEW_T2W cor,T1W_TSE_Cor KM,T1W_TSE_tra fs KM,T1W_TSE_tra fs KM,T1W_TSE_Sag KM fs,"
"Oberschenkel nativ Zeit",1,679,302,353,"Abdomen","PELVIS","SURVEY,SURVEY,STIR_TSE_Cor,T1W_TSE_Cor,cs3D_VIEW_T2W cor,PDW_TSE_SPAIR_Tra_bds,"
"Oberschenkel nativ Zeit",1,144,73,85,"Abdomen","PELVIS","SURVEY,STIR_TSE_Cor,"
"Oberschenkel nativ Zeit",1,826,351,414,"Abdomen","PELVIS","SURVEY,T1W_TSE_Cor,cs3D_VIEW_T2W cor,STIR_TSE_Cor,STIR_TSE_Cor,PDW_TSE_SPAIR_Tra_bds,"
"Prostata FF_kleine_Ringspulen_2021",49,1594,953,1095,"Abdomen","PROSTATE","SURVEY,T1 TSE tra,T2W_TSE_sag,T2 TSE COR 3mm,DWI_3b,T2W_TSE_tra_3mm_,"
"Prostata FF_kleine_Ringspulen_2021",1,1802,971,1150,"Abdomen","PROSTATE","SURVEY,T1 TSE tra,T2W_TSE_sag,T2 TSE COR 3mm,DWI_3b,T2 TSE COR 3mm,T2W_TSE_tra_3mm_,"
"Prostata FF_kleine_Ringspulen_2021",1,703,703,703,"Abdomen","PROSTATE","SURVEY,SURVEY,T2W_TSE_Cor,STIR_Cor_BH,mDIXON_all,mDIXON_all,T2_AX_MVXD_HR_RT,T2_AX_MVXD_HR_RT,"
"Prostata FF_kleine_Ringspulen_2021",1,1702,1018,1168,"Abdomen","PROSTATE","SURVEY,T1 TSE tra,T2W_TSE_sag,T2 TSE COR 3mm,DWI_3b,T2W_TSE_tra_3mm_,STIR_TSE_Cor,"
"Prostata FF_kleine_Ringspulen_2021",1,1735,974,1150,"Abdomen","PROSTATE","SURVEY,T1 TSE tra,SURVEY,T1 TSE tra,T2W_TSE_sag,T2 TSE COR 3mm,DWI_3b,T2W_TSE_tra_3mm_,"
"Prostata FF_kleine_Ringspulen_2021",1,1610,972,1113,"Abdomen","PROSTATE","SURVEY,SURVEY,T1 TSE tra,T2W_TSE_sag,T2 TSE COR 3mm,DWI_3b,T2W_TSE_tra_3mm_,"
"Kopf ACN SMART",13,618,286,309,"Brain","BRAIN","SmartBrain,T2W_TSE_TRA,3D_Flair_SAG,T1W_SE_COR,T2W_3D_DRIVE(ciss),DWI_og,"
"Kopf ACN SMART",3,945,460,496,"Brain","BRAIN","SmartBrain,T2W_TSE_TRA,3D_Flair_SAG,T1W_SE_COR,T2W_3D_DRIVE(ciss),DWI_og,T1W_3D_TFE fs KM,T1W_SE_COR_KM,"
"Kopf ACN SMART",1,683,299,325,"Brain","BRAIN","SmartBrain,T2W_TSE_TRA,3D_Flair_SAG,T1W_SE_COR,DWI_og,T2W_3D_DRIVE(ciss),"
"Kopf ACN SMART",4,747,336,384,"Brain","BRAIN","SmartBrain,T2W_TSE_TRA,3D_Flair_SAG,T1W_SE_COR,T2W_3D_DRIVE(ciss),DWI_og,T2W_Haemo,"
"Kopf ACN SMART",1,633,302,325,"Brain","BRAIN","SmartBrain,SmartBrain,T2W_TSE_TRA,3D_Flair_SAG,T1W_SE_COR,T2W_3D_DRIVE(ciss),DWI_og,"
"Kopf ACN SMART",1,1156,493,565,"Brain","BRAIN","SmartBrain,T2W_TSE_TRA,3D_Flair_SAG,T2W_TSE_2.5mm_sag,T1W_SE_sag,T1W_SE_COR,T1W Dyn 3D FFE,T1W_3D_TFE fs KM,"
"Kopf ACN SMART",1,733,330,376,"Brain","BRAIN","SmartBrain,T2W_TSE_TRA,T1W_SE_COR,3D_Flair_SAG,T2W_3D_DRIVE(ciss),DWI_og,T2W_Haemo,"
"Kopf ACN SMART",1,757,344,393,"Brain","BRAIN","SmartBrain,T1W_SE_COR,T2W_TSE_TRA,T2W_3D_DRIVE(ciss),3D_Flair_SAG,DWI_og,T2W_Haemo,"
"Kopf ACN SMART",1,727,315,354,"Brain","BRAIN","SmartBrain,T2W_TSE_TRA,3D_Flair_SAG,T1W_SE_COR,T2W_3D_DRIVE(ciss),DWI_og,T2W_TSE_2.5mm_sag,"
"SCHULTER/OBERARM RECHTS (BODYSPULE).",1,493,178,218,"MSK","HUMERUS","SURVEY,SURVEY,PDW_TSE_SPIR_Tra,STIR_TSE_Cor,3D_T2W_Cor,T1W_TSE_cor,"
"SCHULTER/OBERARM RECHTS (BODYSPULE).",1,717,308,390,"MSK","HUMERUS","SURVEY,SURVEY,T1W_TSE_cor,STIR_TSE_Cor,T2W_TSE_Sag,PDW_TSE_SPIR_Tra,"
"OSG links Zeit",1,571,171,217,"MSK","ANKLE JOINT","SURVEY_FullFOV_Transversal,SURVEY_LEFT,cs3D_VIEW_T2W_Sag,PDW_TSE_SPAIR_Tra,PDW_TSE_SPAIR_Cor,T1W_TSE_Tra,"
"OSG links Zeit",15,482,145,183,"MSK","ANKLE JOINT","SURVEY_FullFOV_Transversal,SURVEY_LEFT,3D_T2W_Sag,PDW_TSE_SPAIR_Cor,T1W_TSE_Cor,PDW_TSE_SPAIR_Tra,"
"OSG links Zeit",3,643,219,273,"MSK","ANKLE JOINT","SURVEY_FullFOV_Transversal,SURVEY_LEFT,3D_T2W_Sag,PDW_TSE_SPAIR_Tra,PDW_TSE_SPAIR_Cor,T1W_TSE_Cor,PDW_TSE_SPAIR_Sag,"
"OSG links Zeit",1,723,269,338,"MSK","ANKLE JOINT","SURVEY_FullFOV_Transversal,SURVEY_LEFT,3D_T2W_Sag,T1W_TSE_Cor,T1W_TSE_Cor,STIR_TSE_Sag,STIR_TSE_Cor,STIR_TSE_tra,"
"OSG links Zeit",3,511,158,199,"MSK","ANKLE JOINT","SURVEY_FullFOV_Transversal,SURVEY_LEFT,3D_T2W_Sag,PDW_TSE_SPAIR_Tra,PDW_TSE_SPAIR_Cor,T1W_TSE_Cor,"
"OSG links Zeit",1,691,240,299,"MSK","ANKLE JOINT","SURVEY_FullFOV_Transversal,SURVEY_LEFT,PDW_TSE_SPAIR_Cor,PDW_TSE_SPAIR_Sag,3D_T2W_Sag,T1W_TSE_Cor,PDW_TSE_SPAIR_Tra,"
"OSG links Zeit",1,483,143,182,"MSK","ANKLE JOINT","SURVEY_FullFOV_Transversal,SURVEY_LEFT,SURVEY_FullFOV_Transversal,SURVEY_LEFT,3D_T2W_Sag,PDW_TSE_SPAIR_Cor,T1W_TSE_Cor,PDW_TSE_SPAIR_Tra,"
"OSG links Zeit",3,621,210,261,"MSK","ANKLE JOINT","SURVEY_FullFOV_Transversal,SURVEY_LEFT,3D_T2W_Sag,PDW_TSE_SPAIR_Cor,T1W_TSE_Cor,PDW_TSE_SPAIR_Tra,PDW_TSE_SPAIR_Sag,"
"OSG links Zeit",3,661,227,282,"MSK","ANKLE JOINT","SURVEY_FullFOV_Transversal,SURVEY_LEFT,3D_T2W_Sag,PDW_TSE_SPAIR_Sag,PDW_TSE_SPAIR_Cor,T1W_TSE_Cor,PDW_TSE_SPAIR_Tra,"
"OSG links Zeit",6,665,233,288,"MSK","ANKLE JOINT","SURVEY_FullFOV_Transversal,SURVEY_LEFT,PDW_TSE_SPAIR_Sag,3D_T2W_Sag,PDW_TSE_SPAIR_Cor,T1W_TSE_Cor,PDW_TSE_SPAIR_Tra,"
"OSG links Zeit",1,623,210,262,"MSK","ANKLE JOINT","SURVEY_FullFOV_Transversal,SURVEY_LEFT,3D_T2W_Sag,PDW_TSE_SPAIR_Sag,T1W_TSE_Cor,PDW_TSE_SPAIR_Cor,PDW_TSE_SPAIR_Tra,"
"OSG links Zeit",1,674,231,287,"MSK","ANKLE JOINT","SURVEY_FullFOV_Transversal,SURVEY_LEFT,3D_T2W_Sag,PDW_TSE_SPAIR_Sag,PDW_TSE_SPAIR_Cor,T1W_TSE_tra,PDW_TSE_SPAIR_Tra,"
"OSG links Zeit",2,674,229,285,"MSK","ANKLE JOINT","SURVEY_FullFOV_Transversal,SURVEY_LEFT,PDW_TSE_SPAIR_Sag,3D_T2W_Sag,PDW_TSE_SPAIR_Tra,PDW_TSE_SPAIR_Cor,T1W_TSE_Cor,"
"OSG links Zeit",1,635,217,269,"MSK","ANKLE JOINT","SURVEY_FullFOV_Transversal,SURVEY_LEFT,PDW_TSE_SPAIR_Sag,PDW_TSE_SPAIR_Tra,3D_T2W_Sag,PDW_TSE_SPAIR_Cor,T1W_TSE_Cor,"
"UNDEFINED",2,386,211,242,"Spine","LUMBAR SPINE","SURVEY,PDW_TSE_mSPIR_Cor,PDW_TSE_SPAIR_Tra,"
"UNDEFINED",2,335,190,202,"Brain","BRAIN","SmartBrain,T1W_3D_TFE fs KM,T1W_SE_COR_KM,"
"UNDEFINED",1,321,142,173,"MSK","FOOT","SURVEY_FullFOV_Transversal,SURVEY_RIGHT,SURVEY_RIGHT,PDW_SPAIR_tra_2mm,PDW_TSE_SPAIR_Cor,"
"UNDEFINED",1,449,100,137,"Brain","BRAIN","SmartBrain,T2W_TSE_TRA,T1W Dyn 3D FFE,T1W_3D_TFE fs KM,"
"UNDEFINED",1,497,217,241,"Brain","BRAIN","SmartBrain,T1W_3D_TFE,T1W_3D_TFE fs KM,T1W_SE_COR_KM,"
"UNDEFINED",1,297,82,124,"MSK","HAND","Q_SURVEY_FullFOV_Transversal,Q_SURVEY_LEFT KM,T1W_TSE_Cor,T1W_TSE_tra KM,"
"UNDEFINED",1,683,253,314,"MSK","FOOT","SURVEY_FullFOV_Transversal,SURVEY_LEFT,SURVEY_LEFT,PDW_TSE_SPAIR_tra,3D_T2W_tra,T1W_TSE_Tra,PDW_TSE_SPAIR_cor,PDW_TSE_SPAIR_Sag,"
"UNDEFINED",1,8,2,3,"Abdomen","SPLEEN","SCOUT,"
"UNDEFINED",1,12,12,12,"Knee","KNEE","SmartShoulder,"
"UNDEFINED",1,305,75,94,"MSK","FOOT","SURVEY_FullFOV_Transversal,SURVEY_LEFT,PDW_TSE_SPAIR_Cor,3D_T2W_Sag,"
"UNDEFINED",1,650,143,200,"Brain","BRAIN","SmartBrain,T2W_mDIXON_cor,SURVEY_PCA,cs_3DI_MC_TOF,T1W_3D_TFE fs KM,"
"UNDEFINED",1,357,316,323,"Abdomen","PELVIS","SURVEY,T2W_TSE_SPIR_tra_BH,SURVEY,STIR_Cor_BH,T2W_TSE_Cor,"
"UNDEFINED",1,99,99,99,"Abdomen","PELVIS","SURVEY,STIR_Cor_BH,"
"UNDEFINED",1,447,447,447,"Abdomen","PELVIS","SURVEY,T2W_TSE_Cor,STIR_Cor_BH,SURVEY,STIR_Cor_BH,mDIXON_all,T2_SPIR_AX_MVXD_HR_RT,SURVEY,"
"Fuss links Zeit",2,660,205,258,"MSK","FOOT","SURVEY_FullFOV_Transversal,SURVEY_LEFT,SURVEY_LEFT,cs3D_VIEW_T2W_Sag,PDW_TSE_SPAIR_tra,T1W_TSE_Tra,PDW_TSE_SPAIR_cor,"
"Fuss links Zeit",2,622,215,272,"MSK","FOOT","SURVEY_FullFOV_Transversal,SURVEY_LEFT,SURVEY_LEFT,3D_T2W_tra,PDW_SPAIR_tra_2mm,T1_TSE_tra_2mm,PDW_SPAIR_cor_2mm,"
"Fuss links Zeit",1,595,212,266,"MSK","FOOT","SURVEY_FullFOV_Transversal,SURVEY_LEFT,SURVEY_LEFT,3D_T2W_tra,PDW_SPAIR_tra_2mm,T1_TSE_tra_2mm,PDW_SPAIR_cor_2mm,PDW_SPAIR_cor_2mm,"
"Fuss links Zeit",1,754,296,358,"MSK","FOOT","SURVEY_FullFOV_Transversal,SURVEY_LEFT,SURVEY_FullFOV_Transversal,SURVEY_LEFT,PDW_TSE_SPAIR_Sag,T1W_TSE_Sag,PDW_TSE_SPAIR_Tra,3D_T2W_Sag,PDW_TSE_SPAIR_cor,"
"Fuss links Zeit",1,602,211,263,"MSK","FOOT","SURVEY_FullFOV_Transversal,SURVEY_LEFT,SURVEY_LEFT,PDW_TSE_SPAIR_Sag,3D_T2W_tra,PDW_TSE_SPAIR_tra,T1W_TSE_Tra,PDW_TSE_SPAIR_cor,"
"Fuss links Zeit",1,550,161,205,"MSK","FOOT","SURVEY_FullFOV_Transversal,SURVEY_LEFT,SURVEY_LEFT,PDW_TSE_SPAIR_tra,T1W_TSE_Tra,cs3D_VIEW_T2W_Sag,PDW_TSE_SPAIR_cor,"
"Fuss links Zeit",1,790,295,364,"MSK","FOOT","SURVEY_FullFOV_Transversal,SURVEY_LEFT,SURVEY_LEFT,PDW_TSE_SPAIR_Sag,cs3D_VIEW_T2W_Sag,PDW_TSE_SPAIR_tra,T1W_TSE_Tra,PDW_TSE_SPAIR_cor,"
"Fuss links Zeit",1,684,258,314,"MSK","FOOT","SURVEY_FullFOV_Transversal,SURVEY_LEFT,PDW_TSE_SPAIR_Sag,T1W_TSE_Sag,3D_T2W_Sag,PDW_TSE_SPAIR_Tra,PDW_mSPIR_COR cs2.8,"
"Achillessehne rechts",12,713,270,329,"MSK","ANKLE JOINT","SURVEY_FullFOV_Transversal,SURVEY_RIGHT,PDW_TSE_SPAIR_Sag,T1W_TSE_Sag,3D_T2W_Sag,PDW_TSE_SPAIR_Tra,PDW_mSPIR_COR cs2.8,"
"Achillessehne rechts",1,724,275,336,"MSK","ANKLE JOINT","SURVEY_FullFOV_Transversal,SURVEY_RIGHT,PDW_TSE_SPAIR_Sag,T1W_TSE_Sag,3D_T2W_Sag,PDW_TSE_SPAIR_Tra,STIR_TSE_cor,"
"Achillessehne rechts",1,801,297,368,"MSK","ANKLE JOINT","SURVEY_FullFOV_Transversal,SURVEY_RIGHT,PDW_TSE_SPAIR_Sag,3D_T2W_Sag,T1W_TSE_Sag,PDW_TSE_SPAIR_Tra,STIR_TSE_cor,"
"Achillessehne rechts",1,666,233,290,"MSK","ANKLE JOINT","SURVEY_FullFOV_Transversal,SURVEY_RIGHT,3D_T2W_Sag,PDW_TSE_SPAIR_Tra,PDW_TSE_SPAIR_Cor,T1W_TSE_Cor,PDW_TSE_SPAIR_Sag,"
"Achillessehne rechts",1,779,246,330,"MSK","ANKLE JOINT","SURVEY_FullFOV_Transversal,SURVEY_RIGHT,PDW_TSE_SPAIR_Sag,T1W_TSE_Sag,3D_T2W_tra,PDW_SPAIR_tra_2mm,T1_TSE_tra_2mm,T1_TSE_cor_2mm,"
"Achillessehne rechts",1,729,274,335,"MSK","ANKLE JOINT","SURVEY_FullFOV_Transversal,SURVEY_RIGHT,PDW_TSE_SPAIR_Sag,PDW_TSE_SPAIR_Tra,3D_T2W_Sag,PDW_TSE_SPAIR_Cor,T1W_TSE_Cor,T1W_TSE_sag,"
"Achillessehne rechts",1,683,257,314,"MSK","ANKLE JOINT","SURVEY_FullFOV_Transversal,SURVEY_RIGHT,PDW_TSE_SPAIR_Sag,3D_T2W_Sag,T1W_TSE_Sag,PDW_TSE_SPAIR_Tra,PDW_mSPIR_COR cs2.8,"
"Vorfuss / Mittelfuss links",3,570,198,250,"MSK","FOOT","SURVEY_FullFOV_Transversal,SURVEY_LEFT,SURVEY_LEFT,3D_T2W_tra,PDW_SPAIR_tra_2mm,T1_TSE_tra_2mm,PDW_SPAIR_cor_2mm,"
"Vorfuss / Mittelfuss links",1,747,270,341,"MSK","FOOT","SURVEY_FullFOV_Transversal,SURVEY_LEFT,SURVEY_LEFT,STIR_TSE_Sag,PDW_SPAIR_tra_2mm,3D_T2W_tra,T1_TSE_cor_2mm,PDW_SPAIR_cor_2mm,"
"Vorfuss / Mittelfuss links",1,819,329,409,"MSK","FOOT","SURVEY_FullFOV_Transversal,SURVEY_LEFT,SURVEY_LEFT,3D_T2W_tra,PDW_TSE_SPAIR_Sag,PDW_SPAIR_tra_2mm,T1_TSE_tra_2mm,PDW_SPAIR_cor_2mm,"
"Vorfuss / Mittelfuss links",1,559,195,246,"MSK","FOOT","SURVEY_FullFOV_Transversal,SURVEY_LEFT,SURVEY_LEFT,PDW_SPAIR_tra_2mm,3D_T2W_tra,T1_TSE_tra_2mm,PDW_SPAIR_cor_2 mm,"
"Vorfuss / Mittelfuss links",1,666,250,309,"MSK","FOOT","SURVEY_FullFOV_Transversal,SURVEY_LEFT,SURVEY_LEFT,PDW_SPAIR_tra_2mm,3D_T2W_tra,PDW_TSE_SPAIR_Sag,PDW_TSE_SPAIR_Tra,T1W_TSE_Cor,"
"Vorfuss / Mittelfuss links",2,722,280,348,"MSK","FOOT","SURVEY_FullFOV_Transversal,SURVEY_LEFT,SURVEY_LEFT,3D_T2W_tra,PDW_SPAIR_tra_2mm,T1_TSE_tra_2mm,PDW_SPAIR_cor_2mm,PDW_TSE_SPAIR_Sag,"
"Vorfuss / Mittelfuss links",1,661,239,300,"MSK","FOOT","SURVEY_FullFOV_Transversal,SURVEY_LEFT,SURVEY_LEFT,PDW_SPAIR_tra_2mm,3D_T2W_tra,T1_TSE_tra_2mm,PDW_SPAIR_cor_2mm,"
"Carotis Angio",5,624,305,329,"Brain","BRAIN","SURVEY,PCA_Carotis_Survey,3D_Carotis,2D_BOLUSTRAK,T1W VISTA BB,"
"Carotis Angio",1,1133,507,583,"Brain","BRAIN","SURVEY,T1W_TSE tra fs,T1W_TSE tra fs,PCA_Carotis_Survey,3D_Carotis,2D_BOLUSTRAK,T1W VISTA BB,"
"Carotis Angio",1,681,319,351,"Brain","BRAIN","SURVEY,SURVEY,SURVEY,PCA_Carotis_Survey,3D_Carotis,2D_BOLUSTRAK,T1W VISTA BB,"
"Handgelenk links Zeit",13,589,199,254,"MSK","HAND","Q_SURVEY_FullFOV_Transversal,Q_SURVEY_LEFT,3D_T2W_Cor,T1W_TSE_Cor,PDW_TSE_mSPIR TFCC,PDW_TSE_SPAIR_Tra,"
"Handgelenk links Zeit",1,937,297,400,"MSK","HAND","Q_SURVEY_FullFOV_Transversal,Q_SURVEY_LEFT,3D_T2W_Cor,T1W_TSE_Cor,PDW_TSE_SPAIR_Tra,PDW_TSE_mSPIR TFCC,T1W_TSE_Cor,T1W_TSE_tra KM,"
"Handgelenk links Zeit",1,631,212,272,"MSK","HAND","Q_SURVEY_FullFOV_Transversal,Q_SURVEY_LEFT,Q_SURVEY_FullFOV_Transversal,Q_SURVEY_LEFT,3D_T2W_Cor,T1W_TSE_Cor,PDW_TSE_mSPIR TFCC,PDW_TSE_SPAIR_Tra,"
"Handgelenk links Zeit",1,668,255,319,"MSK","HAND","Q_SURVEY_FullFOV_Transversal,Q_SURVEY_LEFT,3D_T2W_Cor,T1W_TSE_Cor,PDW_TSE_mSPIR TFCC,PDW_TSE_SPAIR_Tra,STIR_TSE_COR,"
"Handgelenk links Zeit",1,731,266,333,"MSK","HAND","Q_SURVEY_FullFOV_Transversal,Q_SURVEY_LEFT,PD TSE sag mSPIR,3D_T2W_Cor,PDW_TSE_SPAIR_Tra,PDW_TSE_mSPIR TFCC,T1W_TSE_Cor,"
"Handgelenk links Zeit",2,612,210,267,"MSK","HAND","Q_SURVEY_FullFOV_Transversal,Q_SURVEY_LEFT,3D_T2W_Cor,PDW_TSE_SPAIR_Tra,T1W_TSE_Cor,PDW_TSE_mSPIR TFCC,"
"Handgelenk links Zeit",4,770,278,349,"MSK","HAND","Q_SURVEY_FullFOV_Transversal,Q_SURVEY_LEFT,3D_T2W_Cor,T1W_TSE_Cor,PDW_TSE_mSPIR TFCC,PDW_TSE_SPAIR_Tra,PD TSE sag mSPIR,"
"Handgelenk links Zeit",1,838,236,306,"MSK","HAND","Q_SURVEY_FullFOV_Transversal,Q_SURVEY_LEFT,3D_T2W_Cor,T1W_TSE_Cor,T1W_TSE_Cor,3D_T2W_Cor,PDW_TSE_mSPIR TFCC,PDW_TSE_SPAIR_Tra,"
"NNH",4,650,312,363,"MSK","MASTOID BONE","SmartBrain,T1W_3D_TFE,DWI_og,T2W_MV_XD_sag,T2W_mDIXON_cor,T2W_TSE_tra,"
"NNH",1,640,310,360,"MSK","MASTOID BONE","SmartBrain,T1W_3D_TFE,T2W_TSE_tra,DWI_og,T2W_MV_XD_sag,T2W_mDIXON_cor,"
"Huefte nativ 2021",8,775,175,223,"Abdomen","PELVIS","SURVEY,SURVEY_TRA,PD TSE cor SPIR,cs3D_VIEW_T2W cor,3D_PDW_SPAIR_Tra,T1 TSE cor,"
"Huefte nativ 2021",1,734,270,323,"Abdomen","PELVIS","SURVEY,SURVEY_TRA,cs3D_VIEW_T2W cor,PD TSE cor SPIR,T1 TSE cor,PDW_TSE_SPAIR_Tra,PDW_TSE_SPAIR_Tra,"
"Huefte nativ 2021",1,688,163,208,"Abdomen","PELVIS","SURVEY,PDW_TSE_mSPIR_Cor,cs3D_VIEW_T2W cor,T1W_TSE_cor,3D_PDW_SPAIR_Tra,"
"Huefte nativ 2021",2,728,267,319,"Abdomen","PELVIS","SURVEY,SURVEY_TRA,PD TSE cor SPIR,cs3D_VIEW_T2W cor,T1 TSE cor,PDW_TSE_SPAIR_Tra,"
"Huefte nativ 2021",1,794,178,227,"Abdomen","PELVIS","SURVEY,SURVEY_TRA,PDW_TSE_mSPIR_Cor,cs3D_VIEW_T2W cor,3D_PDW_SPAIR_Tra,T1W_TSE_cor,"
"Huefte nativ 2021",1,703,254,304,"Abdomen","PELVIS","SURVEY,cs3D_VIEW_T2W cor,PDW_TSE_mSPIR_Cor,T1W_TSE_cor,PDW_TSE_SPAIR_Tra,"
"Huefte nativ 2021",1,873,317,364,"Abdomen","PELVIS","SURVEY,PDW_TSE_mSPIR_Cor,cs3D_VIEW_T2W cor,T1W_TSE_cor,3D_PDW_SPAIR_Tra,B0_PreScan,DWI_3b,"
"Huefte nativ 2021",5,755,169,214,"Abdomen","PELVIS","SURVEY,SURVEY_TRA,cs3D_VIEW_T2W cor,3D_PDW_SPAIR_Tra,PD TSE cor SPIR,T1 TSE cor,"
"Huefte nativ 2021",1,727,166,211,"Abdomen","PELVIS","SURVEY,SURVEY_TRA,3D_PDW_SPAIR_Tra,cs3D_VIEW_T2W cor,PD TSE cor SPIR,T1 TSE cor,"
"Huefte nativ 2021",1,702,164,207,"Abdomen","PELVIS","SURVEY,SURVEY_TRA,PD TSE cor SPIR,cs3D_VIEW_T2W cor,T1 TSE cor,3D_PDW_SPAIR_Tra,"
"Becken knoechern 2021",20,678,269,322,"Abdomen","PELVIS","SURVEY,PDW_TSE_mSPIR_Cor,cs3D_VIEW_T2W cor,T1W_TSE_cor,PDW_TSE_SPAIR_Tra,"
"Becken knoechern 2021",1,537,210,249,"Abdomen","PELVIS","SURVEY,STIR_TSE_Cor,cs3D_VIEW_T2W cor,T1W_TSE_cor,STIR_TSE_tra,"
"Becken knoechern 2021",1,1044,477,598,"Abdomen","PELVIS","SURVEY,cs3D_VIEW_T2W cor,T1 TSE tra,STIR_TSE Sag,STIR_TSE_tra,T1 TSE tra km,T1 TSE tra fs km,"
"Becken knoechern 2021",3,707,163,209,"Abdomen","PELVIS","SURVEY,PDW_TSE_mSPIR_Cor,cs3D_VIEW_T2W cor,3D_PDW_SPAIR_Tra,T1W_TSE_cor,"
"Becken knoechern 2021",1,767,206,256,"Abdomen","PELVIS","SURVEY,SURVEY,SURVEY_TRA,PDW_TSE_mSPIR_Cor,cs3D_VIEW_T2W cor,3D_PDW_SPAIR_Tra,T1W_TSE_cor,"
"Becken knoechern 2021",1,723,352,396,"Abdomen","PELVIS","SURVEY,SURVEY,STIR_Cor_BH,PDW_TSE_mSPIR_Cor,cs3D_VIEW_T2W cor,T1W_TSE_cor,PDW_TSE_SPAIR_Tra,"
"Becken knoechern 2021",1,1048,538,608,"Abdomen","PELVIS","SURVEY,PDW_TSE_mSPIR_Cor,cs3D_VIEW_T2W cor,PDW_TSE_SPAIR_Tra,T2W_MVXD_sag,T1W_TSE_cor,csSTIR_TSE_COR,"
"Becken knoechern 2021",1,963,458,538,"Abdomen","PELVIS","SURVEY,PDW_TSE_mSPIR_Cor,cs3D_VIEW_T2W cor,mDIXON_HR,T2W_TSE_SAG,T2W_TSE_SPAIR_COR,"
"Becken knoechern 2021",1,1521,524,679,"Spine","LUMBAR SPINE","SURVEY,PDW_TSE_mSPIR_Cor,cs3D_VIEW_T2W cor,T1W_TSE_cor,PDW_TSE_SPAIR_Tra,SmartSpine_L,SenseRefScan_TSE,T2 TSE SAG cs1.5,MYELO_3D,T1W_TSE_cor,SenseRefScan_TSE,T1 TSE SAG cs2.8,T2W_TSE_TRA,"
"Becken knoechern 2021",1,810,336,425,"Abdomen","PELVIS","SURVEY,T1W_TSE_cor,STIR_TSE_Cor,T2W_TSE_Sag,T1W_TSE_tra,PDW_TSE_SPAIR_Tra,T1W_TSE_sag,"
"Becken knoechern 2021",1,691,358,417,"Abdomen","PELVIS","SURVEY,STIR_TSE_sag,PDW_TSE_mSPIR_Cor,PDW_TSE_SPAIR_Tra,T1W_TSE_cor,"
"Becken knoechern 2021",1,868,449,535,"Abdomen","PELVIS","SURVEY,cs3D_VIEW_T2W cor,T1 TSE tra,T2W_TSE_SPAIR_Tra,T1W_TSE_SPIR_Cor,mDIXON_HR,"
"Becken knoechern 2021",1,656,258,309,"Abdomen","PELVIS","SURVEY,cs3D_VIEW_T2W cor,PDW_TSE_mSPIR_Cor,T1W_TSE_cor,PDW_TSE_SPAIR_Tra,"
"Becken knoechern 2021",1,676,159,203,"Abdomen","PELVIS","SURVEY,3D_PDW_SPAIR_Tra,cs3D_VIEW_T2W cor,T1W_TSE_cor,PDW_TSE_mSPIR_Cor,"
"Becken knoechern 2021",1,656,258,309,"Abdomen","PELVIS","SURVEY,PDW_TSE_mSPIR_Cor,PDW_TSE_SPAIR_Tra,cs3D_VIEW_T2W cor,T1W_TSE_cor,"
"Becken knoechern 2021",2,709,174,220,"Abdomen","PELVIS","SURVEY,PDW_TSE_mSPIR_Cor,cs3D_VIEW_T2W cor,T1W_TSE_cor,3D_PDW_SPAIR_Tra,"
"Becken knoechern 2021",1,822,347,411,"Abdomen","PELVIS","SURVEY,PDW_TSE_mSPIR_Cor,cs3D_VIEW_T2W cor,T1W_TSE_cor,SenseRefScan_TSE,STIR_TSE_Sag,PDW_TSE_SPAIR_Tra,"
"Becken knoechern 2021",1,891,286,345,"Abdomen","PELVIS","SURVEY,PDW_TSE_mSPIR_Cor,cs3D_VIEW_T2W cor,T1W_TSE_cor,3D_PDW_SPAIR_Tra,PDW_TSE_SPAIR_Tra,"
"Becken knoechern 2021",1,688,163,208,"Abdomen","PELVIS","SURVEY,cs3D_VIEW_T2W cor,PDW_TSE_mSPIR_Cor,3D_PDW_SPAIR_Tra,T1W_TSE_cor,"
"Becken knoechern 2021",1,1170,749,827,"Abdomen","PELVIS","SURVEY,PDW_TSE_mSPIR_Cor,PDW_TSE_SPAIR_Tra,T1W_TSE_Tra,STIR_Cor_BH,STIR_tra_BH,T1W_TSE_Tra fs,T2_SPIR_AX_MVXD_HR_RT,SURVEY,T1W_TSE_Tra,T2_SPIR_AX_MVXD_HR_RT,"
"Handgelenk rechts Zeit",32,601,204,259,"MSK","HAND","Q_SURVEY_FullFOV_Transversal,Q_SURVEY_RIGHT,3D_T2W_Cor,T1W_TSE_Cor,PDW_TSE_mSPIR TFCC,PDW_TSE_SPAIR_Tra,"
"Handgelenk rechts Zeit",4,750,274,343,"MSK","HAND","Q_SURVEY_FullFOV_Transversal,Q_SURVEY_RIGHT,3D_T2W_Cor,T1W_TSE_Cor,PDW_TSE_mSPIR TFCC,PD TSE sag mSPIR,PDW_TSE_SPAIR_Tra,"
"Handgelenk rechts Zeit",5,738,267,335,"MSK","HAND","Q_SURVEY_FullFOV_Transversal,Q_SURVEY_RIGHT,3D_T2W_Cor,T1W_TSE_Cor,PDW_TSE_mSPIR TFCC,PDW_TSE_SPAIR_Tra,PD TSE sag mSPIR,"
"Handgelenk rechts Zeit",1,1445,417,554,"MSK","HAND","Q_SURVEY_FullFOV_Transversal,Q_SURVEY_RIGHT,T1W_TSE_Cor,3D_T2W_cor,PDW_TSE_SPAIR_Tra,cs5_3D_VIEW_PD_SPAIR,T1W_TSE_tra,T1W_TSE_tra fs KM,T1W_TSE_Cor,"
"Finger",1,1030,176,253,"MSK","HAND","Survey FullFOV (HeadFirst gelagert),Survey ALL,cs5_3D_VIEW_PD_SPAIR,T1W_TSE_TRA,3D_T2W_Cor,T1W_TSE_Sag_Sehne,3D_T2W_Cor,"
"Finger",1,579,101,146,"MSK","HAND","Survey FullFOV (HeadFirst gelagert),Survey ALL,Survey ALL,cs5_3D_VIEW_PD_SPAIR,T1W_TSE_TRA,3D_T2W_Cor,T1W_TSE_Sag_Sehne,"
"Finger",1,647,113,164,"MSK","HAND","Survey FullFOV (HeadFirst gelagert),Survey ALL,cs5_3D_VIEW_PD_SPAIR,T1W_TSE_TRA,3D_T2W_Cor,T1W_TSE_COR_Baender,"
"Finger",1,650,112,161,"MSK","HAND","Survey FullFOV (HeadFirst gelagert),Survey ALL,cs5_3D_VIEW_PD_SPAIR,T1W_TSE_TRA,3D_T2W_Cor,T1W_TSE_Sag_Sehne,"
"Finger",1,792,179,246,"MSK","HAND","Survey FullFOV (HeadFirst gelagert),Survey ALL,T1W_TSE_TRA,cs5_3D_VIEW_PD_SPAIR,3D_T2W_Cor,T1W_TSE_Sag_Sehne,PDW_TSE_mSPIR TFCC,"
"Finger",1,722,155,206,"MSK","HAND","Survey FullFOV (HeadFirst gelagert),Survey ALL,cs5_3D_VIEW_PD_SPAIR,3D_T2W_Cor,T1W_TSE_TRA,STIR_TSE_cor,"
"Finger",1,931,174,252,"MSK","HAND","Survey FullFOV (HeadFirst gelagert),Survey ALL,Survey ALL,T1W_TSE_TRA,cs5_3D_VIEW_PD_SPAIR,3D_T2W_Cor,T1W_TSE_COR_Baender,T1W_TSE_Sag_Sehne,"
"Finger",1,747,213,272,"MSK","HAND","Survey FullFOV (HeadFirst gelagert),Survey ALL,T1W_TSE_TRA,cs5_3D_VIEW_PD_SPAIR,3D_T2W_Cor,PDW_TSE_mSPIR TFCC,PDW_TSE_SPAIR_Tra,"
"Finger",1,670,174,231,"MSK","HAND","Survey FullFOV (HeadFirst gelagert),Survey ALL,T1W_TSE_TRA,cs5_3D_VIEW_PD_SPAIR,3D_T2W_Cor,T1W_TSE_Sag_Sehne,PDW_TSE_SPAIR_Tra,"
"Finger",1,667,127,185,"MSK","HAND","Survey FullFOV (HeadFirst gelagert),Survey ALL,Survey ALL,T1W_TSE_TRA,cs5_3D_VIEW_PD_SPAIR,3D_T2W_Cor,T1W_TSE_COR_Baender,"
"Finger",1,676,120,174,"MSK","HAND","Survey FullFOV (HeadFirst gelagert),Survey ALL,cs5_3D_VIEW_PD_SPAIR,3D_T2W_Cor,T1W_TSE_TRA,T1W_TSE_COR_Baender,"
"ISG cs NEU !!!!",16,611,230,300,"MSK","SACROILIAC JOINT","SURVEY,csSTIR_TSE_COR,csT1W_TSE_COR,T2W_TSE_mSPIR_tra,csT2W_TSE_COR,"
"ISG cs NEU !!!!",1,711,270,351,"MSK","SACROILIAC JOINT","SURVEY,csSTIR_TSE_COR,csT1W_TSE_COR,T2W_TSE_mSPIR_tra,T2W_TSE_mSPIR_tra,csT2W_TSE_COR,"
"ISG cs NEU !!!!",1,558,214,276,"MSK","SACROILIAC JOINT","SURVEY,csSTIR_TSE_COR,csT1W_TSE_COR,T2W_TSE_mSPIR_tra,T1W_TSE_TRA,"
"!Abdomen",1,1248,1175,1189,"Abdomen","ABDOMEN","SURVEY,T2W_TSE_Cor,STIR_Cor_BH,mDIXON_all,mDIXON_all,T2_AX_MVXD_HR_RT,T2_AX_MVXD_HR_RT,SenseRefScan_TSE,T2 TSE SAG cs1.5,B0_PreScan,B0_PreScan,DWI_3b,DWI_3b,mDIXON_W_IP_KM,mDIXON_W_IP_KM,mDIXON-W_Cor_KM,e-THRIVE_Cor_KM,"
"!Abdomen",1,879,879,879,"Abdomen","ABDOMEN","SURVEY,T2W_TSE_Cor,STIR_Cor_BH,mDIXON_all,mDIXON_all,T2_AX_MVXD_HR_RT,T2_AX_MVXD_HR_RT,T2W_MVXD_sag,"
"!Abdomen",1,642,443,450,"Abdomen","ABDOMEN","SURVEY,T2W_TSE_Cor,STIR_Cor_BH,mDIXON_all,mDIXON_all,T2W_MVXD_sag,cs3D_VIEW_T2W cor,cs3D_VIEW_T2W cor,"
"!Abdomen",1,1210,1210,1210,"Abdomen","ABDOMEN","SURVEY,T2W_TSE_Cor,STIR_Cor_BH,mDIXON_all,mDIXON_all,B0_PreScan,B0_PreScan,DWI_3b,DWI_3b,T2_AX_MVXD_HR_RT,T2_AX_MVXD_HR_RT,T2W_MVXD_sag,"
"!Abdomen",1,702,702,702,"Abdomen","ABDOMEN","SURVEY,T2W_TSE_Cor,STIR_Cor_BH,mDIXON_all,mDIXON_all,T2_AX_MVXD_HR_RT,T2_AX_MVXD_HR_RT,"
"!Abdomen",1,793,782,784,"Abdomen","ABDOMEN","SURVEY,T2W_TSE_Cor,STIR_Cor_BH,mDIXON_all,mDIXON_all,T2_AX_MVXD_HR_RT,T2_AX_MVXD_HR_RT,mDIXON_W_IP_KM,mDIXON_W_IP_KM,mDIXON-W_Cor_KM,"
"!Abdomen",1,1555,1555,1555,"Abdomen","ABDOMEN","SURVEY,T2W_TSE_Cor,STIR_Cor_BH,STIR_Cor_BH,mDIXON_all,mDIXON_all,T2_SPIR_AX_MVXD_HR_RT,T2_SPIR_AX_MVXD_HR_RT,T2_AX_MVXD_HR_RT,T2_AX_MVXD_HR_RT,B0_PreScan,B0_PreScan,DWI_3b,DWI_3b,"
"!Abdomen",1,1568,1557,1559,"Abdomen","ABDOMEN","SURVEY,T2W_TSE_Cor,mDIXON_all,mDIXON_all,STIR_Cor_BH,B0_PreScan,B0_PreScan,DWI_3b,DWI_3b,T2_SPIR_AX_MVXD_HR_RT,T2_SPIR_AX_MVXD_HR_RT,T2_AX_MVXD_HR_RT,T2_AX_MVXD_HR_RT,mDIXON_W_IP_KM,mDIXON_W_IP_KM,mDIXON-W_Cor_KM,"
"!Abdomen",2,1683,1683,1683,"Abdomen","ABDOMEN","SURVEY,T2W_TSE_Cor,STIR_Cor_BH,mDIXON_all,mDIXON_all,T2_SPIR_AX_MVXD_HR_RT,T2_SPIR_AX_MVXD_HR_RT,T2_AX_MVXD_HR_RT,T2_AX_MVXD_HR_RT,B0_PreScan,B0_PreScan,DWI_3b,DWI_3b,"
"!Abdomen",1,831,808,809,"Abdomen","ABDOMEN","SURVEY,T2W_TSE_Cor,STIR_Cor_BH,B0_PreScan,DWI_3b,mDIXON_all,T2_SPIR_AX_MVXD_HR_RT,T2_AX_MVXD_HR_RT,cs9 MRCP 3D BH,"
"OSG rechts Zeit",7,633,215,267,"MSK","ANKLE JOINT","SURVEY_FullFOV_Transversal,SURVEY_RIGHT,3D_T2W_Sag,PDW_TSE_SPAIR_Cor,T1W_TSE_Cor,PDW_TSE_SPAIR_Tra,PDW_TSE_SPAIR_Sag,"
"OSG rechts Zeit",1,524,159,202,"MSK","ANKLE JOINT","SURVEY_FullFOV_Transversal,SURVEY_FullFOV_Transversal,SURVEY_RIGHT,3D_T2W_Sag,PDW_TSE_SPAIR_Cor,T1W_TSE_Cor,PDW_TSE_SPAIR_Tra,"
"OSG rechts Zeit",1,551,175,221,"MSK","ANKLE JOINT","SURVEY_FullFOV_Transversal,SURVEY_FullFOV_Transversal,SURVEY_RIGHT,3D_T2W_Sag,STIR_TSE_cor,T1W_TSE_Cor,STIR_TSE_tra,"
"OSG rechts Zeit",1,545,171,216,"MSK","ANKLE JOINT","SURVEY_FullFOV_Transversal,SURVEY_RIGHT,3D_T2W_Sag,PDW_TSE_SPAIR_Tra,T1W_TSE_Cor,PDW_TSE_SPAIR_Cor,"
"OSG rechts Zeit",1,652,222,276,"MSK","ANKLE JOINT","SURVEY_FullFOV_Transversal,SURVEY_FullFOV_Transversal,SURVEY_RIGHT,3D_T2W_Sag,PDW_TSE_SPAIR_Tra,T1W_TSE_Cor,PDW_TSE_SPAIR_Cor,PDW_TSE_SPAIR_Sag,"
"OSG rechts Zeit",15,503,153,194,"MSK","ANKLE JOINT","SURVEY_FullFOV_Transversal,SURVEY_RIGHT,3D_T2W_Sag,PDW_TSE_SPAIR_Cor,T1W_TSE_Cor,PDW_TSE_SPAIR_Tra,"
"OSG rechts Zeit",1,682,236,293,"MSK","ANKLE JOINT","SURVEY_FullFOV_Transversal,SURVEY_RIGHT,PDW_TSE_SPAIR_Sag,3D_T2W_Sag,PDW_TSE_SPAIR_Tra,T1W_TSE_tra,PDW_TSE_SPAIR_Cor,"
"OSG rechts Zeit",1,538,169,213,"MSK","ANKLE JOINT","SURVEY_FullFOV_Transversal,SURVEY_RIGHT,PDW_TSE_SPAIR_Tra,3D_T2W_Sag,PDW_TSE_SPAIR_Cor,T1W_TSE_Cor,"
"OSG rechts Zeit",7,497,152,192,"MSK","ANKLE JOINT","SURVEY_FullFOV_Transversal,SURVEY_RIGHT,3D_T2W_Sag,PDW_TSE_SPAIR_Tra,PDW_TSE_SPAIR_Cor,T1W_TSE_Cor,"
"OSG rechts Zeit",9,628,214,266,"MSK","ANKLE JOINT","SURVEY_FullFOV_Transversal,SURVEY_RIGHT,PDW_TSE_SPAIR_Sag,3D_T2W_Sag,PDW_TSE_SPAIR_Cor,T1W_TSE_Cor,PDW_TSE_SPAIR_Tra,"
"OSG rechts Zeit",3,667,226,282,"MSK","ANKLE JOINT","SURVEY_FullFOV_Transversal,SURVEY_RIGHT,PDW_TSE_SPAIR_Sag,3D_T2W_Sag,PDW_TSE_SPAIR_Tra,PDW_TSE_SPAIR_Cor,T1W_TSE_Cor,"
"OSG rechts Zeit",1,654,222,276,"MSK","ANKLE JOINT","SURVEY_FullFOV_Transversal,SURVEY_FullFOV_Transversal,SURVEY_RIGHT,3D_T2W_Sag,PDW_TSE_SPAIR_Sag,PDW_TSE_SPAIR_Cor,T1W_TSE_Cor,PDW_TSE_SPAIR_Tra,"
"OSG rechts Zeit",1,630,214,266,"MSK","ANKLE JOINT","SURVEY_FullFOV_Transversal,SURVEY_RIGHT,3D_T2W_Sag,PDW_TSE_SPAIR_Tra,PDW_TSE_SPAIR_Sag,PDW_TSE_SPAIR_Cor,T1W_TSE_Cor,"
"OSG rechts Zeit",4,665,227,282,"MSK","ANKLE JOINT","SURVEY_FullFOV_Transversal,SURVEY_RIGHT,3D_T2W_Sag,PDW_TSE_SPAIR_Sag,PDW_TSE_SPAIR_Cor,T1W_TSE_Cor,PDW_TSE_SPAIR_Tra,"
"OSG rechts Zeit",1,755,246,317,"MSK","ANKLE JOINT","SURVEY_FullFOV_Transversal,SURVEY_RIGHT,3D_T2W_Sag,PDW_TSE_SPAIR_Tra,PDW_TSE_SPAIR_Cor,T1W_TSE_Cor,PDW_TSE_SPAIR_Sag,PDW_TSE_SPAIR_Sag,"
"OSG rechts Zeit",2,673,233,289,"MSK","ANKLE JOINT","SURVEY_FullFOV_Transversal,SURVEY_RIGHT,3D_T2W_Sag,PDW_TSE_SPAIR_Tra,PDW_TSE_SPAIR_Cor,T1W_TSE_Cor,PDW_TSE_SPAIR_Sag,"
"OSG rechts Zeit",1,706,237,296,"MSK","ANKLE JOINT","SURVEY_FullFOV_Transversal,SURVEY_RIGHT,SURVEY_RIGHT,3D_T2W_Sag,PDW_TSE_SPAIR_Cor,T1W_TSE_Cor,PDW_TSE_SPAIR_Tra,PDW_TSE_SPAIR_Sag,"
"Fuss rechts Zeit",1,638,226,285,"MSK","FOOT","SURVEY_FullFOV_Transversal,SURVEY_RIGHT,SURVEY_RIGHT,3D_T2W_tra,PDW_SPAIR_tra_2mm,T1_TSE_tra_2mm,PDW_SPAIR_cor_2mm,"
"Fuss rechts Zeit",2,681,260,323,"MSK","FOOT","SURVEY_FullFOV_Transversal,SURVEY_RIGHT,SURVEY_RIGHT,3D_T2W_tra,PDW_TSE_SPAIR_tra,T1W_TSE_tra,PDW_TSE_SPAIR_cor,PDW_TSE_SPAIR_Sag,"
"Fuss rechts Zeit",1,755,295,365,"MSK","FOOT","SURVEY_FullFOV_Transversal,SURVEY_RIGHT,SURVEY_RIGHT,PDW_TSE_SPAIR_Sag,3D_T2W_tra,PDW_TSE_SPAIR_tra 3mm,T1W_TSE_tra 3mm,PDW_TSE_SPAIR_cor,"
"Fuss rechts Zeit",2,598,208,263,"MSK","FOOT","SURVEY_FullFOV_Transversal,SURVEY_RIGHT,SURVEY_RIGHT,PDW_SPAIR_tra_2mm,3D_T2W_tra,T1_TSE_tra_2mm,PDW_SPAIR_cor_2mm,"
"Fuss rechts Zeit",1,380,115,149,"MSK","FOOT","SURVEY_FullFOV_Transversal,SURVEY_RIGHT,SURVEY_RIGHT,PDW_SPAIR_tra_2mm,T1_TSE_tra_2mm,3D_T2W_tra,"
"Fuss rechts Zeit",1,831,307,380,"MSK","FOOT","SURVEY_FullFOV_Transversal,SURVEY_RIGHT,SURVEY_RIGHT,PDW_TSE_SPAIR_Sag,PDW_TSE_SPAIR_tra,3D_T2W_Sag,PDW_TSE_SPAIR_Cor,T1W_TSE_Cor,"
"Fuss rechts Zeit",1,681,207,272,"MSK","FOOT","SURVEY_FullFOV_Transversal,SURVEY_RIGHT,SURVEY_RIGHT,PDW_TSE_SPAIR_tra,PDW_TSE_SPAIR_Sag,3D_T2W_Sag,T1W_TSE_Sag,T1W_TSE_tra,"
"Kopf MS SMART",4,483,133,164,"Brain","BRAIN","SmartBrain,3D_Flair_SAG,T1W_3D_TFE,T2W_TSE_TRA C2-Th1,DWI_og,"
"Kopf MS SMART",1,620,188,244,"Brain","BRAIN","SmartBrain,3D_Flair_SAG,T1W_3D_TFE,T2W_TSE_TRA,DWI_og,T2W_Haemo,"
"Kopf MS SMART",1,481,132,162,"Brain","BRAIN","SmartBrain,3D_Flair_SAG,T1W_3D_TFE,T2W_TSE_TRA,DWI_og,"
"! BWS 2021",1,697,267,347,"Spine","SPINE","SURVEY_COR,SURVEY_SAG,STIR_TSE_COR R-L,SenseRefScan_TSE,T2 TSE SAG cs1.5,T1 TSE SAG cs2.8,csT2W_TSE_TRA_4mm Th7-10,"
"! BWS 2021",1,1137,370,503,"Spine","SPINE","SURVEY_COR,SURVEY_SAG,SenseRefScan_TSE,csT2 STIR sag,csT2 TSE SAG,csT1 TSE SAG,MYELO_3D,csT2W_TSE_TRA_4mm TH3-7,cs_T2W_TSE_TRA C2-TH1,"
"! BWS 2021",1,826,299,398,"Spine","SPINE","SURVEY_COR,SURVEY_SAG,csT2 STIR cor neu,SenseRefScan_TSE,csT2 TSE SAG,csT1 TSE SAG,csT2W_TSE_TRA_4mmTH5-TH11,"
"! BWS 2021",1,791,289,383,"Spine","SPINE","SURVEY_COR,SURVEY_SAG,csT2 STIR cor neu,SenseRefScan_TSE,csT2 TSE SAG,csT1 TSE SAG,csT2W_TSE_TRA_4mmTH6-9,"
"! BWS 2021",1,763,276,368,"Spine","SPINE","SURVEY_COR,SURVEY_SAG,SenseRefScan_TSE,csT2 TSE SAG,csT2 STIR sag,csT1 TSE SAG,csT2W_TSE_TRA_4mm,"
"! BWS 2021",1,826,264,359,"Spine","SPINE","SURVEY_COR,SURVEY_SAG,SenseRefScan_TSE,csT2 TSE SAG,csT2 STIR sag,csT1 TSE SAG,MYELO_3D,csT2W_TSE_TRA_4mmTH1-7,"
"! BWS 2021",1,878,317,422,"Spine","SPINE","SURVEY_COR,SURVEY_SAG,SenseRefScan_TSE,csT2 TSE SAG,csT2 STIR sag,csT1 TSE SAG,csT2W_TSE_TRA_BWK6-10,"
"! BWS 2021",1,764,276,368,"Spine","SPINE","SURVEY_COR,SURVEY_SAG,SenseRefScan_TSE,csT2 TSE SAG,csT2 STIR sag,csT1 TSE SAG,csT2W_TSE_TRA_4mm TH11-L2,"
"! BWS 2021",1,822,297,396,"Spine","SPINE","SURVEY_COR,SURVEY_SAG,SenseRefScan_TSE,csT2 TSE SAG,csT2 STIR sag,csT1 TSE SAG,csT2W_TSE_TRA_4mm TH 2-7,"
"! BWS 2021",1,791,289,383,"Spine","SPINE","SURVEY_COR,SURVEY_SAG,csT2 STIR cor neu,SenseRefScan_TSE,csT2 TSE SAG,csT1 TSE SAG,csT2W_TSE_TRA_4mm TH3-7,"
"! BWS 2021",1,798,286,382,"Spine","SPINE","SURVEY_COR,SURVEY_SAG,SenseRefScan_TSE,csT2 TSE SAG,csT2 STIR sag,csT1 TSE SAG,cs_T2W_TSE_TRA C2-TH1,"
"! BWS 2021",1,826,299,398,"Spine","SPINE","SURVEY_COR,SURVEY_SAG,csT2 STIR cor neu,SenseRefScan_TSE,csT2 TSE SAG,csT1 TSE SAG,cs_T2W_TSE_TRA C2-TH1,"
"! BWS 2021",1,1039,759,810,"Spine","SPINE","SURVEY_COR,SURVEY,SURVEY,csT2 STIR cor neu,T1W_TSE_Tra,T2_AX_MVXD_HR_RT,T2_SPIR_AX_MVXD_HR_RT,"
"! BWS 2021",1,819,331,421,"Spine","SPINE","SURVEY_COR,SURVEY_SAG,SenseRefScan_TSE,csT2 STIR sag,csT2 TSE SAG,csT1 TSE SAG,csT2 STIR cor neu,"
"! BWS 2021",1,876,309,416,"Spine","SPINE","SURVEY_COR,SURVEY_SAG,SenseRefScan_TSE,csT2 STIR sag,SenseRefScan_TSE,csT2 TSE SAG,csT1 TSE SAG,T2W_TSE_TRA,"
"! BWS 2021",1,977,375,487,"Spine","SPINE","SURVEY_COR,SURVEY_SAG,SenseRefScan_TSE,csT2 TSE SAG,csT2 STIR sag,csT1 TSE SAG,csT2W_TSE_TRA_4mm,csT2 STIR cor neu,"
"! BWS 2021",1,790,289,383,"Spine","SPINE","SURVEY_COR,SURVEY_SAG,csT2 STIR cor neu,SenseRefScan_TSE,csT2 TSE SAG,csT1 TSE SAG,csT2W_TSE_TRA_4mm,"
"Kopf mit KM SMART",2,805,445,477,"Brain","BRAIN","SmartBrain,3D_Flair_SAG,T1W_SE_COR,DWI_og,T2W_TSE_TRA,T1W_3D_TFE fs KM,T1W_SE_COR_KM,"
"Kopf mit KM SMART",2,781,350,404,"Brain","BRAIN","SmartBrain,3D_Flair_SAG,T1W_SE_COR,T2W_Haemo,DWI_og,T2W_TSE_TRA,T1W_3D_TFE fs KM,"
"Kopf mit KM SMART",4,930,495,550,"Brain","BRAIN","SmartBrain,3D_Flair_SAG,T1W_SE_COR,T2W_Haemo,DWI_og,T2W_TSE_TRA,T1W_3D_TFE fs KM,T1W_SE_COR_KM,"
"Kopf mit KM SMART",1,1049,606,663,"Brain","BRAIN","SmartBrain,3D_Flair_SAG,T1W_SE_COR,T2W_Haemo,DWI_og,T2W_TSE_TRA,T1W_3D_TFE fs KM,T1W_SE_COR_SPIR_KM,"
"Kopf mit KM SMART",2,335,190,202,"Brain","BRAIN","SmartBrain,T1W_3D_TFE fs KM,T1W_SE_COR_KM,"
"Kopf mit KM SMART",1,812,344,396,"Brain","BRAIN","SmartBrain,3D_Flair_SAG,T1W_SE_COR,DWI_og,T2W_TSE_TRA,T2W_mDIXON_cor,T1W_3D_TFE fs KM,"
"Kopf Hypophyse Dyn. SMART",1,599,290,327,"Brain","BRAIN","SmartBrain,3D_Flair_SAG,B0_PreScan,DWI_og,T2W_TSE_2.5mm_sag,T1W_SE_COR,T2W_TSE_2.5mm_cor,"
"Kopf Hypophyse Dyn. SMART",1,1006,579,625,"Brain","BRAIN","SmartBrain,T2W_TSE_TRA,3D_Flair_SAG,T1W_SE_sag,T2W_TSE_2.5mm_sag,T1W_SE_COR,T1W_3D_TFE fs KM,T1W_SE_COR_KM,"
"Kopf Hypophyse Dyn. SMART",1,847,407,454,"Brain","BRAIN","SmartBrain,T2W_TSE_TRA,3D_Flair_SAG,T2W_TSE_2.5mm_sag,T1W_SE_COR,T1W_3D_TFE fs KM,T1W_SE_COR_KM,"
"Kopf Hypophyse Dyn. SMART",1,928,555,589,"Brain","BRAIN","SmartBrain,3D_Flair_SAG,T2W_TSE_2.5mm_sag,T1W_SE_sag,T1W_SE_COR,T1W_SE_COR_KM,T1W_3D_TFE fs KM,"
"Kopf Hypophyse Dyn. SMART",2,634,390,415,"Brain","BRAIN","SmartBrain,3D_Flair_SAG,T2W_TSE_2.5mm_sag,T1W_SE_sag,T1W_SE_COR,"
"Kopf Hypophyse Dyn. SMART",1,849,502,558,"Brain","BRAIN","SmartBrain,T2W_TSE_TRA,3D_Flair_SAG,T2W_TSE_2.5mm_sag,T1W_SE_sag,T1W_SE_COR,T2W_Haemo,B0_PreScan,DWI_og,"
"Kopf Hypophyse Dyn. SMART",2,695,408,442,"Brain","BRAIN","SmartBrain,T2W_TSE_TRA,3D_Flair_SAG,T2W_TSE_2.5mm_sag,T1W_SE_sag,T1W_SE_COR,"
"Kopf Hypophyse Dyn. SMART",2,1159,604,661,"Brain","BRAIN","SmartBrain,T2W_TSE_TRA,3D_Flair_SAG,T2W_TSE_2.5mm_sag,T1W_SE_sag,T1W_SE_COR,T1W Dyn 3D FFE,T1W_3D_TFE fs KM,T1W_SE_COR_KM,"
"Kopf Hypophyse Dyn. SMART",3,1103,584,630,"Brain","BRAIN","SmartBrain,3D_Flair_SAG,T2W_TSE_2.5mm_sag,T1W_SE_sag,T1W_SE_COR,T1W Dyn 3D FFE,T1W_3D_TFE fs KM,T1W_SE_COR_KM,"
"Unterschenkel nativ 2021",5,794,309,378,"Abdomen","PELVIS","SURVEY,csSTIR_TSE_Cor,cs3D_VIEW_T2W_cor,csT1W_TSE_Cor,PDW_TSE_SPAIR_Tra,"
"Unterschenkel nativ 2021",1,1561,648,794,"Abdomen","PELVIS","SURVEY,csSTIR_TSE_Cor,csT1W_TSE_Cor,cs3D_VIEW_T2W_cor,PDW_TSE_SPAIR_Tra,csT1W_TSE_tra,csT1W_TSE_sag fs KM,csT1W_TSE_tra fs KM,csT1W_TSE_sag fs KM,"
"Unterschenkel nativ 2021",1,1076,417,517,"Knee","KNEE","SURVEY,SmartKnee,STIR_TSE cor,PDW_TSE_SPIR_Tra,T1W_TSE_cor,cs3D_VIEW_T2W_cor,T1W_TSE_Cor_KM,T1W_TSE_SPIR_Tra_KM,"
"Unterschenkel nativ 2021",1,743,298,359,"Abdomen","PELVIS","SURVEY,SURVEY,csSTIR_TSE_Cor,cs3D_VIEW_T2W_cor,csT1W_TSE_Cor,PDW_TSE_SPAIR_Tra,"
"Unterschenkel nativ 2021",1,843,335,408,"Abdomen","PELVIS","SURVEY,csSTIR_TSE_Cor,csT1W_TSE_Cor,cs3D_VIEW_T2W_cor,PDW_TSE_SPAIR_Tra,"
"Schulter/Oberarm links",1,743,251,314,"MSK","SHOULDER","SURVEY_FullFOV_Transversal,SURVEY_LEFT,SURVEY_LEFT,STIR_TSE_Cor,T1W_TSE_Cor,3D_T2W_cor,PDW_TSE_SPAIR_Tra,"
"Schulter/Oberarm links",1,1089,389,499,"MSK","SHOULDER","SURVEY_FullFOV_Transversal,SURVEY_LEFT,STIR_TSE_Cor,PDW_TSE_SPIR_Tra,3D_T2W_Cor,T1W_TSE_Tra 5.5mm,"
"Schulter/Oberarm links",1,1019,405,525,"MSK","SHOULDER","SURVEY_FullFOV_Transversal,SURVEY_LEFT,SURVEY_LEFT,T1W_TSE_Cor,SURVEY_FullFOV_Transversal,SURVEY_LEFT,SURVEY_LEFT,STIR_TSE_Cor,T1W_TSE_Cor,PDW_TSE_SPIR_Tra,T1W_TSE_Tra,PDW_TSE_SPIR_Sag,"
"Unterarm links",1,762,268,339,"MSK","ELBOW","SURVEY_FullFOV_Transversal,SURVEY_L,SURVEY_L,T1W_TSE_Cor,PDW_TSE_SPAIR Cor,3D_T2W_cor,PDW_TSE_SPIR_Tra,"
"Unterarm links",1,965,376,483,"MSK","ELBOW","SURVEY_FullFOV_Transversal,SURVEY_L,SURVEY_FullFOV_Transversal,SURVEY_L,SURVEY_L,PDW_TSE_SPAIR Cor,T1W_TSE_Cor,PDW_TSE_SPAIR_Sag,PDW_TSE_SPIR_Tra 4 mm,T1W_TSE_Tra 4 mm,"
"HWS_BWS_mit KM",1,892,321,428,"Spine","SPINE","SURVEY_SAG,SURVEY_COR,SenseRefScan_TSE,csT2 TSE SAG,csT1 TSE SAG,csT2 STIR cor neu,cs_T2W_TSE_TRA C2-TH1,"
"HWS_BWS_mit KM",1,1248,721,821,"Spine","SPINE","SURVEY_SAG,SURVEY_COR,T2_TSE_SAG,T2_TSE_SAG,STIR_TSE_SAG,STIR_TSE_SAG,T1_TSE_SAG,T1_TSE_SAG,cs_T2W_TSE_TRA C2-TH1,"
"HWS_BWS_mit KM",1,1080,384,501,"Spine","SPINE","SURVEY_SAG,SURVEY_COR,SenseRefScan_TSE,csT2 TSE SAG,csT1 TSE SAG,STIR_TSE_Sag,MYELO_3D,cs_T2W_TSE_TRA C2-TH2,csT2 STIR cor neu,"
"HWT nativ",1,839,514,581,"Body","LARYNX","SURVEY_bFFE,SURVEY_bFFE,STIR_longTE cor,T1W_TSE cor,T2W_MVXD_Sag,T2 Dixon TRA,"
"HWT nativ",5,844,518,587,"Body","LARYNX","SURVEY_bFFE,STIR_longTE cor,T1W_TSE cor,T2W_MVXD_Sag,T2 Dixon TRA,"
"HWT nativ",1,812,498,564,"Body","LARYNX","SURVEY_bFFE,STIR_longTE cor,T1W_TSE cor,T2 Dixon TRA,T2W_MVXD_Sag,"
"HWT nativ",1,1216,610,732,"Body","LARYNX","SURVEY_bFFE,STIR_longTE cor,T1W_TSE cor,T2 Dixon TRA,T2W_MVXD_Sag,T1W_TSE cor KM,cs2.5 T1 Dixon TRA KM,"
"HWT nativ",1,895,513,591,"Body","LARYNX","SURVEY_bFFE,T2W_MVXD_Sag,STIR_longTE cor,T1W_TSE cor,T2 Dixon TRA,T1W_TSE tra,T1W_TSE tra,"
"HWT nativ",1,812,498,564,"Body","LARYNX","SURVEY_bFFE,T1W_TSE cor,STIR_longTE cor,T2 Dixon TRA,T2W_MVXD_Sag,"
"HWT nativ",1,890,537,611,"Body","LARYNX","SURVEY_bFFE,SURVEY_bFFE,STIR_longTE cor,T1W_TSE cor,T2 Dixon TRA,T2W_MVXD_Sag,"
"Knie rechts Adipoes Anterior/Posterior Coil",1,790,278,350,"Knee","KNEE","Survey Transfer,SURVEY_FullFOV_Transversal,SURVEY_RIGHT,cs3D_VIEW_T2W sag,T1W_TSE_Cor,PDW_TSE_fs_Cor,PDW_TSE_fs_Tra,PDW_TSE_fs_Sag,"
"Knie rechts Adipoes Anterior/Posterior Coil",1,853,297,375,"Knee","KNEE","Survey Transfer,SURVEY_FullFOV_Transversal,SURVEY_RIGHT,PDW_TSE_fs_Sag,cs3D_VIEW_T2W sag,T1W_TSE_Cor,PDW_TSE_fs_Cor,PDW_TSE_fs_Tra,"
"Knie rechts Adipoes Anterior/Posterior Coil",1,1183,411,543,"Knee","KNEE","Survey Transfer,SURVEY_FullFOV_Transversal,SURVEY_RIGHT,SURVEY_RIGHT,SURVEY_RIGHT,T1W_TSE_Cor,cs3D_VIEW_T2W sag,PDW_TSE_fs_Sag,PDW_TSE_fs_Tra 4 mm,T1W_TSE_Cor KM,T1W_TSE_sag KM,T1W_TSE_SPIR_Tra_KM 4 mm,T1W_TSE_Tra_KM 4 mm,"
"Knie rechts Adipoes Anterior/Posterior Coil",1,1416,513,647,"Knee","KNEE","Survey Transfer,Survey Transfer,SURVEY_FullFOV_Transversal,Survey Transfer,Survey Transfer,Survey Transfer,SURVEY_FullFOV_Transversal,SURVEY_RIGHT,PDW_TSE_fs_Cor,T1W_TSE_Cor,T1W_TSE_Cor,cs3D_VIEW_T2W sag,PDW_TSE_fs_Cor,PDW_TSE_fs_Tra 5mm,PDW_TSE_fs_Sag,"
"Ellenbogen links Zeit gr FOV Superman",1,721,273,336,"MSK","ELBOW","SURVEY_FullFOV_Transversal,SURVEY_L,3D_VIEW_T2W_sag,PDW_TSE_SPAIR_Sag,PDW_TSE_SPAIR_Tra,PDW_TSE_SPAIR Cor,T1W_TSE_Cor,"
"Ellenbogen links Zeit gr FOV Superman",2,808,308,379,"MSK","ELBOW","SURVEY_FullFOV_Transversal,SURVEY_L,3D_VIEW_T2W_sag,PDW_TSE_SPAIR Cor,T1W_TSE_Cor,PDW_TSE_SPAIR_Tra,PDW_TSE_SPAIR_Sag,"
"Ellenbogen links Zeit gr FOV Superman",1,727,269,334,"MSK","ELBOW","SURVEY_FullFOV_Transversal,SURVEY_L,SURVEY_L,3D_VIEW_T2W_sag,PDW_TSE_SPAIR Cor,T1W_TSE_Cor,PDW_TSE_SPAIR_Tra,PDW_TSE_SPAIR_Sag,"
"Ellenbogen links Zeit gr FOV Superman",1,17,5,7,"MSK","ELBOW","SURVEY_FullFOV_Transversal,SURVEY_L,"
"Ellenbogen links Zeit gr FOV Superman",1,765,289,357,"MSK","ELBOW","SURVEY_FullFOV_Transversal,SURVEY_L,PDW_TSE_SPAIR_Sag,3D_VIEW_T2W_sag,PDW_TSE_SPAIR Cor,PDW_TSE_SPAIR_Tra 4 mm,T1W_TSE_Cor,"
"Ellenbogen links Zeit gr FOV Superman",1,656,242,299,"MSK","ELBOW","SURVEY_FullFOV_Transversal,SURVEY_L,PDW_TSE_SPAIR_Sag,3D_VIEW_T2W_sag,PDW_TSE_SPAIR_Tra,PDW_TSE_SPAIR Cor,T1W_TSE_Cor,"
"Ellenbogen links Zeit gr FOV Superman",1,751,280,347,"MSK","ELBOW","SURVEY_FullFOV_Transversal,SURVEY_L,SURVEY_L,3D_VIEW_T2W_sag,PDW_TSE_SPAIR_Sag,PDW_TSE_SPAIR Cor,T1W_TSE_Cor,PDW_TSE_SPAIR_Tra,"
"Plexus nativ",1,1099,402,544,"Spine","SPINE","SURVEY_bFFE,T2W_TSE sag,3D_STIR cor,T2 Dixon TRA,T1W_TSE cor,cs_T2W_TSE_TRA C2-TH2,MYELO_3D,"
"Plexus nativ",1,992,383,517,"Brain","HEAD AND NECK","SURVEY_bFFE,SURVEY_bFFE,T2W_TSE sag,3D_STIR cor,T2 Dixon TRA,cs_T2W_TSE_TRA,T1W_TSE cor,"
"Achillessehne links",11,699,262,320,"MSK","ANKLE JOINT","SURVEY_FullFOV_Transversal,SURVEY_LEFT,PDW_TSE_SPAIR_Sag,T1W_TSE_Sag,3D_T2W_Sag,PDW_TSE_SPAIR_Tra,PDW_mSPIR_COR cs2.8,"
"Achillessehne links",1,699,265,323,"MSK","ANKLE JOINT","SURVEY_FullFOV_Transversal,SURVEY_LEFT,PDW_TSE_SPAIR_Sag,T1W_TSE_Sag,PDW_mSPIR_COR cs2.8,3D_T2W_Sag,PDW_TSE_SPAIR_Tra,"
"Achillessehne links",1,735,351,398,"MSK","ANKLE JOINT","SURVEY_FullFOV_Transversal,SURVEY_LEFT,PDW_TSE_SPAIR_Sag,T1W_TSE_Sag,3D_T2W_Sag,PDW_mSPIR_COR cs2.8,PDW_TSE_SPAIR_Tra,"
"Achillessehne links",3,734,272,333,"MSK","ANKLE JOINT","SURVEY_FullFOV_Transversal,SURVEY_LEFT,PDW_TSE_SPAIR_Sag,3D_T2W_Sag,T1W_TSE_Sag,PDW_TSE_SPAIR_Tra,PDW_mSPIR_COR cs2.8,"
"Achillessehne links",1,701,268,326,"MSK","ANKLE JOINT","SURVEY_FullFOV_Transversal,SURVEY_LEFT,PDW_TSE_SPAIR_Sag,3D_T2W_Sag,T1W_TSE_Sag,PDW_mSPIR_COR cs2.8,PDW_TSE_SPAIR_Tra,"
"Achillessehne links",1,583,211,258,"MSK","ANKLE JOINT","SURVEY_FullFOV_Transversal,SURVEY_LEFT,PDW_TSE_SPAIR_Sag,T1W_TSE_Sag,3D_T2W_Sag,PDW_TSE_SPAIR_Tra,"
"Sterno-Clavicular-Gelenk bds.",1,1149,662,756,"MSK","SHOULDER","SURVEY_bFFE,SURVEY,SURVEY,SURVEY,SURVEY_bFFE,SURVEY_bFFE,STIR_longTE,T1W_TSE cor,mDIXON-W_HR,SmartShoulder,PDW_TSE_SPIR_Tra,PDW_TSE_SPIR_Sag,PDW_TSE_SPIR_Cor,T1W_TSE_Cor,"
"Sterno-Clavicular-Gelenk bds.",1,787,641,673,"MSK","STERNOCLAVICULAR JOINT","SURVEY_bFFE,SURVEY_bFFE,T2_AX_MVXD_HR_RT,STIR_longTE,T1W_TSE cor,3D_Vane_XD_mDIXON,T2_AX_MV SPIR,"
"Sterno-Clavicular-Gelenk bds.",1,806,661,693,"MSK","STERNOCLAVICULAR JOINT","SURVEY_bFFE,T1W_TSE cor,STIR_longTE,3D_Vane_XD_mDIXON,T2_AX_MVXD_HR_RT,T2_AX_MV SPIR,"
"Unterschenkel nativ",1,645,424,465,"Abdomen","PELVIS","SURVEY,STIR_TSE_Cor,T2W_MVXD_sag,T1W_TSE_Cor,PDW_TSE_SPIR_Tra_Einseitig,"
"Ellenbogen rechts Zeit Superman",3,720,272,335,"MSK","ELBOW","SURVEY_FullFOV_Transversal,SURVEY_R,3D_VIEW_T2W_sag,PDW_TSE_SPAIR_Sag,PDW_TSE_SPAIR_Tra,PDW_TSE_SPAIR Cor,T1W_TSE_Cor,"
"Ellenbogen rechts Zeit Superman",1,723,271,334,"MSK","ELBOW","SURVEY_FullFOV_Transversal,SURVEY_R,SURVEY_R,3D_VIEW_T2W_sag,PDW_TSE_SPAIR_Sag,PDW_TSE_SPAIR_Tra,PDW_TSE_SPAIR Cor,T1W_TSE_Cor,"
"Ellenbogen rechts Zeit Superman",1,750,280,347,"MSK","ELBOW","SURVEY_FullFOV_Transversal,SURVEY_R,SURVEY_R,3D_VIEW_T2W_sag,PDW_TSE_SPAIR_Tra,PDW_TSE_SPAIR Cor,T1W_TSE_Cor,PDW_TSE_SPAIR_Sag,"
"Ellenbogen rechts Zeit Superman",2,708,265,327,"MSK","ELBOW","SURVEY_FullFOV_Transversal,SURVEY_R,3D_VIEW_T2W_sag,PDW_TSE_SPAIR Cor,PDW_TSE_SPAIR_Tra,T1W_TSE_Cor,PDW_TSE_SPAIR_Sag,"
"Ellenbogen rechts Zeit Superman",1,651,239,295,"MSK","ELBOW","SURVEY_FullFOV_Transversal,SURVEY_R,3D_VIEW_T2W_sag,PDW_TSE_SPAIR_Sag,PDW_TSE_SPAIR_Tra,T1W_TSE_Cor,STIR_TSE_COR,"
"Ellenbogen rechts Zeit Superman",1,694,258,318,"MSK","ELBOW","SURVEY_FullFOV_Transversal,SURVEY_R,SURVEY_R,PDW_TSE_SPAIR_Sag,3D_VIEW_T2W_sag,3D_VIEW_T2W_sag,PDW_TSE_SPAIR Cor,T1W_TSE_Cor,PDW_TSE_SPAIR_Tra,PDW_TSE_SPAIR_Tra,"
"Ellenbogen rechts Zeit Superman",2,709,268,329,"MSK","ELBOW","SURVEY_FullFOV_Transversal,SURVEY_R,PDW_TSE_SPAIR_Tra,3D_VIEW_T2W_sag,PDW_TSE_SPAIR_Sag,PDW_TSE_SPAIR Cor,T1W_TSE_Cor,"
"Ellenbogen rechts Zeit Superman",1,678,252,311,"MSK","ELBOW","SURVEY_FullFOV_Transversal,SURVEY_R,PDW_TSE_SPAIR_Sag,T1W_TSE_Cor,3D_VIEW_T2W_sag,PDW_TSE_SPAIR Cor,PDW_TSE_SPAIR_Tra 3.5 mm,"
"Ellenbogen rechts Zeit Superman",1,679,253,311,"MSK","ELBOW","SURVEY_FullFOV_Transversal,SURVEY_R,PDW_TSE_SPAIR_Sag,3D_VIEW_T2W_sag,PDW_TSE_SPAIR_Tra,PDW_TSE_SPAIR Cor,T1W_TSE_Cor,"
"Kiefergelenke",1,899,288,431,"Brain","BRAIN","SURVEY_overview,SURVEY_tra,T1W_TSE_cor,T2W_mDIXON_cor,T2W_TSE_TRA,PDW_TSE_sag,PDW_TSE_sag,Mund_offen_PDW_TSE_sag,"
"Kiefergelenke",1,84,23,35,"Brain","BRAIN","SURVEY_overview,SURVEY_tra,"
"Kiefergelenke",1,826,257,386,"Brain","BRAIN","SURVEY_overview,SURVEY_tra,T1W_TSE_cor,T2W_TSE_TRA,T2W_mDIXON_cor,PDW_TSE_sag,Mund_offen_PDW_TSE_sag,"
"Kiefergelenke",1,825,257,385,"Brain","BRAIN","SURVEY_overview,SURVEY_tra,T1W_TSE_cor,T2W_mDIXON_cor,T2W_TSE_TRA,PDW_TSE_sag,Mund_offen_PDW_TSE_sag,"
"Kiefergelenke",1,870,269,404,"Brain","BRAIN","SURVEY_overview,SURVEY_tra,SURVEY_overview,T1W_TSE_cor,T2W_TSE_TRA,T2W_mDIXON_cor,PDW_TSE_sag,Mund_offen_PDW_TSE_sag,"
"Aortenbogen PPU und Atemgurt KM BT cor",1,400,353,357,"Vascular (body)","AORTIC ARCH","SURVEY,BB_SSh_BH,T1_e-THRIVE_BH tra,mDIXON-W_Cor,2D_bTFE_RT,cs4_3D_AORTA,2D_BOLUSTRAK,"
"Schulter links",1,687,261,318,"MSK","SHOULDER","SURVEY_FullFOV_Transversal,SmartShoulder,PDW_TSE_SPIR_Tra,3D_T2W_Cor,PDW_TSE_SPIR_Sag,PDW_TSE_SPIR_Cor,T1W_TSE_Cor,"
"Knie links Adipoes Anterior/Posterior Coil",1,661,218,278,"Knee","KNEE","Survey Transfer Haken HERAUS abspeichern vor Start,SURVEY_FullFOV_Transversal,SURVEY_RIGHT,cs3D_VIEW_T2W sag,T1W_TSE_Cor,PDW_TSE_fs_Cor,PDW_TSE_fs_Tra,"
"Knie links Adipoes Anterior/Posterior Coil",1,790,278,350,"Knee","KNEE","Survey Transfer Haken HERAUS abspeichern vor Start,SURVEY_FullFOV_Transversal,SURVEY_RIGHT,cs3D_VIEW_T2W sag,T1W_TSE_Cor,PDW_TSE_fs_Cor,PDW_TSE_fs_Tra,PDW_TSE_fs_Sag,"
"Knie links Adipoes Anterior/Posterior Coil",1,806,286,359,"Knee","KNEE","Survey Transfer Haken HERAUS abspeichern vor Start,SURVEY_FullFOV_Transversal,SURVEY_RIGHT,cs3D_VIEW_T2W sag,T1W_TSE_Cor,PDW_TSE_fs_Cor,PDW_TSE_fs_Sag,PDW_TSE_fs_Tra,"
"HWT",1,1267,643,769,"Body","LARYNX","SURVEY_bFFE,STIR_longTE cor,T1W_TSE cor,T2W_MVXD_Sag,T2 Dixon TRA,T1W_TSE cor KM,cs2.5 T1 Dixon TRA KM,"
"HWT",1,886,539,613,"Body","LARYNX","SURVEY_bFFE,STIR_longTE cor,T1W_TSE cor,T2W_MVXD_Sag,T2 Dixon TRA,"
"HWT",1,852,525,594,"Body","LARYNX","SURVEY_bFFE,STIR_longTE cor,T1W_TSE cor,T2 Dixon TRA,T2W_MVXD_Sag,"
"Hoden nativ",1,1337,1042,1108,"Abdomen","PELVIS","SURVEY_Rueckenlage,SURVEY_Rueckenlage,PDW_TSE_mSPIR_Cor,T2W_MV_TRA,mDIXON_HR,T2W_TSE_COR,T2W_TSE_SPAIR_Tra,T2W_MVXD_sag,mDIXON_HR KM,T1W_TSE_SPIR_Cor KM,"
"Hoden nativ",1,571,443,471,"Abdomen","PELVIS","SURVEY_Rueckenlage,SURVEY_Rueckenlage,T2W_MV_TRA,mDIXON_HR,T2W_TSE_COR,T2W_TSE_SPAIR_Tra,"
"Daumen rechts Superman NEU",2,651,122,177,"MSK","FINGER","SURVEY_FullFOV_Transversal,SURVEY_RIGHT,T1W_TSE_TRA,3D_T2W_Cor,cs5_3D_VIEW_PD_SPAIR,T1W_TSE_COR,"
"Hand rechts",1,1070,377,483,"MSK","HAND","SURVEY_FullFOV_Transversal,SURVEY_RIGHT,SURVEY_RIGHT,PDW_TSE_SPAIR_Cor,T1W_TSE_Cor,3D_T2W_Sag,T1W_TSE_Cor,PD TSE sag mSPIR,PDW_TSE_SPAIR_Tra,"
"HWS MS SMART",1,1088,382,517,"Spine","CERVICAL SPINE","SmartSpine_C,STIR_TSE_SAG,T2W_TSE_SAG,T1W_TSE_SAG,cs_T2W_TSE_TRA,T1W_TSE_SAG_KM,T1W_TRA_KM,"
"HWS MS SMART",1,948,365,475,"Spine","CERVICAL SPINE","SmartSpine_C,STIR_TSE_SAG,T1W_TSE_COR,T1W_TSE_SAG,cs_T2W_TSE_TRA C2-Th2,T2W_TSE_SAG,STIR_TSE_SAG,"
"HWS MS SMART",1,734,284,369,"Spine","CERVICAL SPINE","SmartSpine_C,STIR_TSE_SAG,T2W_TSE_SAG,T1W_TSE_SAG,cs_T2W_TSE_TRA C2-TH2,"
"Vorfuss / Mittelfuss rechts",1,777,315,390,"MSK","FOOT","SURVEY_FullFOV_Transversal,SURVEY Right,SURVEY_Right,PDW_TSE_SPAIR_Sag,3D_T2W_tra,PDW_SPAIR_tra_2mm,T1_TSE_tra_2mm,PDW_SPAIR_cor_2mm,"
"Vorfuss / Mittelfuss rechts",1,715,266,331,"MSK","FOOT","SURVEY_FullFOV_Transversal,SURVEY Right,SURVEY_Right,3D_T2W_tra,PDW_TSE_SPAIR_Sag,T1_TSE_tra_2mm,PDW_SPAIR_tra_2.5mm,PDW_SPAIR_cor_2mm,"
"Vorfuss / Mittelfuss rechts",1,551,191,241,"MSK","FOOT","SURVEY_FullFOV_Transversal,SURVEY Right,SURVEY_Right,3D_T2W_tra,PDW_SPAIR_tra_2mm,T1_TSE_tra_2mm,PDW_SPAIR_cor_2mm,"
"Vorfuss / Mittelfuss rechts",1,574,200,253,"MSK","FOOT","SURVEY_FullFOV_Transversal,SURVEY Right,SURVEY_Right,PDW_SPAIR_tra_2mm,3D_T2W_tra,T1_TSE_tra_2mm,PDW_SPAIR_cor_2mm,"
"Vorfuss / Mittelfuss rechts",1,794,273,353,"MSK","FOOT","SURVEY_FullFOV_Transversal,SURVEY Right,SURVEY_Right,3D_T2W_tra,PDW_SPAIR_tra_2mm,T1_TSE_cor_2mm,PDW_SPAIR_cor_2mm,T1_TSE_cor_2mm KM,T1_TSE_cor_2mm KM fs,"
"Vorfuss / Mittelfuss rechts",1,565,198,249,"MSK","FOOT","SURVEY_FullFOV_Transversal,SURVEY Right,SURVEY_Right,PDW_SPAIR_tra_2mm,3D_T2W_tra,T1_TSE_tra_2mm,PDW_SPAIR_cor_2.5 mm,"
"Vorfuss / Mittelfuss rechts",1,833,326,409,"MSK","FOOT","SURVEY_FullFOV_Transversal,SURVEY Right,SURVEY_Right,PDW_SPAIR_tra_2mm,3D_T2W_tra,PDW_SPAIR_cor_2mm,T1_TSE_cor_2mm,PDW_TSE_SPAIR_Sag,"
"Vorfuss / Mittelfuss rechts",1,633,216,277,"MSK","FOOT","SURVEY_FullFOV_Transversal,SURVEY Right,SURVEY_Right,3D_T2W_tra,PDW_SPAIR_tra_2mm,T1_TSE_cor_2mm,PDW_SPAIR_cor_2mm,"
"Vorfuss / Mittelfuss rechts",1,767,311,384,"MSK","FOOT","SURVEY_FullFOV_Transversal,SURVEY Right,SURVEY_Right,3D_T2W_tra,PDW_SPAIR_tra_2mm,T1_TSE_tra_2mm,PDW_SPAIR_cor_2mm,PDW_TSE_SPAIR_Sag,"
"Vorfuss / Mittelfuss rechts",1,860,322,410,"MSK","FOOT","SURVEY_FullFOV_Transversal,SURVEY Right,SURVEY_Right,PDW_SPAIR_cor_2mm,3D_T2W_tra,PDW_SPAIR_tra_2mm,T1_TSE_tra_2mm,T1_TSE_cor_2mm,PDW_TSE_SPAIR_Sag,"
"ISG",1,797,294,387,"MSK","SACROILIAC JOINT","SURVEY,csSTIR_TSE_COR,csT1W_TSE_COR,T2W_TSE_mSPIR_tra,csT2W_TSE_COR,"
"Nierenangio-Abdomen Angio",1,479,247,287,"Abdomen","ABDOMEN","Q_SURVEY_FullFOV_Transversal,Q_SURVEY_FullFOV_Transversal,Q_SURVEY_RIGHT,T1W_TSE_cor,T1W_TSE_cor,SURVEY_BFFE,cs4.5_3D_RENAL,2D_BOLUSTRAK,T1_e-THRIVE_BH tra_KM,mDIXON-W_Cor,T1_e-THRIVE_BH tra_KM,"
"Kopf Orbita SMART",1,968,599,647,"Brain","BRAIN","SmartBrain,3D_Flair_SAG,T1W_SE_COR,T2W_mDIXON_cor,T1W_SE_COR fs,T2W_TSE_tra,B0_PreScan,DWI_og,"
"Kopf Orbita SMART",1,994,287,366,"Brain","BRAIN","SmartBrain,3D_Flair_SAG,T2W_TSE_TRA,T2W_mDIXON_cor,T1W_3D_TFE,B0_PreScan,DWI_og,T1W_3D_TFE fs KM,T1W_TSE_SPIR_KM,"
"SCHULTER/OBERARM LINKS (BODYSPULE)",1,1003,359,457,"MSK","SHOULDER","SURVEY_FullFOV_Transversal,SURVEY,SURVEY,T1W_TSE_cor,STIR_TSE_Cor,3D_T2W_Cor,PDW_TSE_SPIR_Tra 5 mm,T1W_TSE_Tra 5 mm,"
"kleines Becken",1,781,627,674,"Abdomen","PELVIS","SURVEY,T1W_TSE_cor,STIR_TSE_Cor,T2W_MVXD_ax,T2W_MVXD_sag,B0_PreScan,DWI_3b,"
"kleines Becken",1,748,615,654,"Abdomen","PELVIS","SURVEY,T2W_MVXD_sag,DWI_3b,T2W_MVXD_ax,T1W_TSE_cor,STIR_TSE_Cor,"
"Unterbauch WIP",1,921,347,431,"Abdomen","PELVIS","SURVEY,T1W_TSE_Cor,STIR_TSE_Cor,cs3D_VIEW_T2W cor,PDW_TSE_SPAIR_Tra,T1W_TSE_Tra,"
"Hand links",1,769,282,353,"MSK","HAND","SURVEY_FullFOV_Transversal,SURVEY_LEFT,3D_T2W_Cor,T1W_TSE_Cor,PDW_TSE_mSPIR TFCC,PDW_TSE_SPAIR_Tra,PD TSE sag mSPIR,"
"Vorfuss /Grosszeh rechts kleines FOV NEU !!!!!",1,767,308,382,"MSK","ANKLE JOINT","SURVEY_FullFOV_Transversal,SURVEY Right,SURVEY_FullFOV_Transversal,SURVEY Right,SURVEY_Right,3D_T2W_tra,PDW_SPAIR_tra_2mm,T1_TSE_tra_2mm,PDW_SPAIR_cor_2mm,PDW_TSE_SPAIR_Sag,"
"Herr Gutzmann Thomas Rektum CA",1,1364,563,676,"Abdomen","PELVIS","SURVEY,cs3D_VIEW_T2W cor,STIR_TSE_Cor,T1W_TSE_Tra,B0_PreScan,DWI_3b,STIR_TSE_sag,T2W_TSE_SPAIR_Tra_gr_FOV,mDIXON W HR KM,T1W_TSE_Tra KM,"
